work_id,mp_name,mp_house,constituency,state,district,block,village,implementing_agency,work_type,work_description,sanctioned_amount,released_amount,expenditure,balance_amount,work_status,recommendation_date,sanction_date,completion_date,financial_year,latitude,longitude,is_demo
MPLADS-2023-MH-042,Girish Bapat / Successor Rep,Lok Sabha,Pune (Lok Sabha),Maharashtra,Pune,Baramati,Karhati,Zilla Parishad Pune,Community Hall,"Construction of multipurpose community hall in Karhati (DEMO ANOMALY: Cost 4.2x peer median, finished in 15 days)",9250000.0,9250000.0,9250000.0,0.0,Completed,2023-05-15,2023-06-10,2023-06-25,2023-24,18.1524,74.5772,True
MPLADS-2023-KA-088,Prathap Simha,Lok Sabha,Mysore (Lok Sabha),Karnataka,Mysuru,Hunsur,Bilikere,Zilla Panchayat Mysuru,Primary Health Sub-Center,"Upgradation of primary health sub-center with maternity care room at Bilikere (DEMO ANOMALY: Sanctioned >2 yrs ago, 100% funds released, 4.8% spent)",4600000.0,4600000.0,220000.0,4380000.0,In Progress,2022-07-10,2022-08-15,,2022-23,12.337,76.438,True
MPLADS-2023-WB-203,Jagannath Sarkar,Lok Sabha,Ranaghat (Lok Sabha),West Bengal,Nadia,Ranaghat-I,Santipur Road,Public Health Engineering WB,Drinking Water RO Plant,Installation of 1000 LPH RO drinking water filtration unit (DEMO ANOMALY: 98.7% expenditure disbursed but status still marked 'Sanctioned'),1600000.0,1600000.0,1580000.0,20000.0,Sanctioned,2023-06-01,2023-07-15,,2023-24,23.215,88.568,True
MPLADS-2023-TN-164,P. R. Natarajan,Lok Sabha,Coimbatore (Lok Sabha),Tamil Nadu,Coimbatore,Pollachi,Annamalai,Tamil Nadu PWD,Rural Road & Culvert,"Construction of cement concrete (CC) internal village road (DEMO ANOMALY: Negative balance, expenditure > sanctioned, completion before sanction)",2500000.0,2500000.0,3250000.0,-750000.0,Completed,2023-08-01,2023-09-15,2023-03-10,2023-24,10.658,77.008,True
MPLADS-2023-UP-CL01,Narendra Modi,Lok Sabha,Varanasi (Lok Sabha),Uttar Pradesh,Varanasi,Sevapuri,Kashi-Puram,M/s Purvanchal InfraTech Services,Solar Street Lighting,Installation of high-density solar street illumination cluster unit #1 in Kashi-Puram (DEMO ANOMALY: Spatial & agency concentration),980000.0,980000.0,965000.0,15000.0,Completed,2023-07-01,2023-08-01,2023-10-15,2023-24,25.319499999999998,82.9725,True
MPLADS-2023-UP-CL02,Narendra Modi,Lok Sabha,Varanasi (Lok Sabha),Uttar Pradesh,Varanasi,Sevapuri,Kashi-Puram,M/s Purvanchal InfraTech Services,Solar Street Lighting,Installation of high-density solar street illumination cluster unit #2 in Kashi-Puram (DEMO ANOMALY: Spatial & agency concentration),980000.0,980000.0,965000.0,15000.0,Completed,2023-07-01,2023-08-01,2023-10-15,2023-24,25.32,82.973,True
MPLADS-2023-UP-CL03,Narendra Modi,Lok Sabha,Varanasi (Lok Sabha),Uttar Pradesh,Varanasi,Sevapuri,Kashi-Puram,M/s Purvanchal InfraTech Services,Solar Street Lighting,Installation of high-density solar street illumination cluster unit #3 in Kashi-Puram (DEMO ANOMALY: Spatial & agency concentration),980000.0,980000.0,965000.0,15000.0,Completed,2023-07-01,2023-08-01,2023-10-15,2023-24,25.3205,82.97349999999999,True
MPLADS-2023-UP-CL04,Narendra Modi,Lok Sabha,Varanasi (Lok Sabha),Uttar Pradesh,Varanasi,Sevapuri,Kashi-Puram,M/s Purvanchal InfraTech Services,Solar Street Lighting,Installation of high-density solar street illumination cluster unit #4 in Kashi-Puram (DEMO ANOMALY: Spatial & agency concentration),980000.0,980000.0,965000.0,15000.0,Completed,2023-07-01,2023-08-01,2023-10-15,2023-24,25.320999999999998,82.97399999999999,True
MPLADS-2023-UP-CL05,Narendra Modi,Lok Sabha,Varanasi (Lok Sabha),Uttar Pradesh,Varanasi,Sevapuri,Kashi-Puram,M/s Purvanchal InfraTech Services,Solar Street Lighting,Installation of high-density solar street illumination cluster unit #5 in Kashi-Puram (DEMO ANOMALY: Spatial & agency concentration),980000.0,980000.0,965000.0,15000.0,Completed,2023-07-01,2023-08-01,2023-10-15,2023-24,25.3215,82.97449999999999,True
MPLADS-2023-UP-CL06,Narendra Modi,Lok Sabha,Varanasi (Lok Sabha),Uttar Pradesh,Varanasi,Sevapuri,Kashi-Puram,M/s Purvanchal InfraTech Services,Solar Street Lighting,Installation of high-density solar street illumination cluster unit #6 in Kashi-Puram (DEMO ANOMALY: Spatial & agency concentration),980000.0,980000.0,965000.0,15000.0,Completed,2023-07-01,2023-08-01,2023-10-15,2023-24,25.322,82.975,True
MPLADS-2023-UP-CL07,Narendra Modi,Lok Sabha,Varanasi (Lok Sabha),Uttar Pradesh,Varanasi,Sevapuri,Kashi-Puram,M/s Purvanchal InfraTech Services,Solar Street Lighting,Installation of high-density solar street illumination cluster unit #7 in Kashi-Puram (DEMO ANOMALY: Spatial & agency concentration),980000.0,980000.0,965000.0,15000.0,Completed,2023-07-01,2023-08-01,2023-10-15,2023-24,25.322499999999998,82.9755,True
MPLADS-2023-UP-CL08,Narendra Modi,Lok Sabha,Varanasi (Lok Sabha),Uttar Pradesh,Varanasi,Sevapuri,Kashi-Puram,M/s Purvanchal InfraTech Services,Solar Street Lighting,Installation of high-density solar street illumination cluster unit #8 in Kashi-Puram (DEMO ANOMALY: Spatial & agency concentration),980000.0,980000.0,965000.0,15000.0,Completed,2023-07-01,2023-08-01,2023-10-15,2023-24,25.323,82.976,True
MPLADS-2023-UP-CL09,Narendra Modi,Lok Sabha,Varanasi (Lok Sabha),Uttar Pradesh,Varanasi,Sevapuri,Kashi-Puram,M/s Purvanchal InfraTech Services,Solar Street Lighting,Installation of high-density solar street illumination cluster unit #9 in Kashi-Puram (DEMO ANOMALY: Spatial & agency concentration),980000.0,980000.0,965000.0,15000.0,Completed,2023-07-01,2023-08-01,2023-10-15,2023-24,25.3235,82.97649999999999,True
MPLADS-2023-UP-CL10,Narendra Modi,Lok Sabha,Varanasi (Lok Sabha),Uttar Pradesh,Varanasi,Sevapuri,Kashi-Puram,M/s Purvanchal InfraTech Services,Solar Street Lighting,Installation of high-density solar street illumination cluster unit #10 in Kashi-Puram (DEMO ANOMALY: Spatial & agency concentration),980000.0,980000.0,965000.0,15000.0,Completed,2023-07-01,2023-08-01,2023-10-15,2023-24,25.323999999999998,82.97699999999999,True
MPLADS-2023-MA-0001,Girish Bapat / Successor Rep,Lok Sabha,Pune (Lok Sabha),Maharashtra,Pune,Shirur,Gopalganj,Zilla Parishad Pune,Drinking Water RO Plant,Upgradation of pipeline distribution and drinking water storage tank at Gopalganj,790000.0,395000.0,125000.0,270000.0,In Progress,2023-05-15,2023-07-03,,2023-24,18.45287,73.85799,True
MPLADS-2023-MA-0002,Nitin Gadkari,Lok Sabha,Nagpur (Lok Sabha),Maharashtra,Nagpur,Kamptee,Shivaji Nagar,Zilla Parishad Nagpur,Primary Health Sub-Center,Civil construction of primary wellness dispensary and staff quarters in Shivaji Nagar,3580000.0,1790000.0,1284000.0,506000.0,In Progress,2023-08-21,2023-10-03,,2023-24,21.06412,79.06963,True
MPLADS-2023-UT-0003,Narendra Modi,Lok Sabha,Varanasi (Lok Sabha),Uttar Pradesh,Varanasi,Arajiline,Chandrapur,Rural Engineering Dept UP,Community Hall,Development of public cultural center and community shed at Chandrapur,1540000.0,1540000.0,851000.0,689000.0,In Progress,2023-08-14,2023-09-20,,2023-24,25.22756,83.07525,True
MPLADS-2023-MA-0004,Nitin Gadkari,Lok Sabha,Nagpur (Lok Sabha),Maharashtra,Nagpur,Hingna,Vikas Nagar,Zilla Parishad Nagpur,Sanitation Facility / Public Toilet,"Modern hygiene block with running water and solar lighting near bus stand, Vikas Nagar",1040000.0,1040000.0,976000.0,64000.0,Completed,2023-05-06,2023-07-05,2023-09-20,2023-24,21.26225,79.17348,True
MPLADS-2023-MA-0005,Hemant Godse,Lok Sabha,Nashik (Lok Sabha),Maharashtra,Nashik,Sinnar,Shivaji Nagar,DRDA Nashik,Sanitation Facility / Public Toilet,"Modern hygiene block with running water and solar lighting near bus stand, Shivaji Nagar",690000.0,690000.0,562000.0,128000.0,In Progress,2023-07-17,2023-08-23,,2023-24,20.03303,73.81599,True
MPLADS-2023-KA-0006,D. K. Suresh,Lok Sabha,Bangalore Rural (Lok Sabha),Karnataka,Bangalore Rural,Doddaballapura,Gandhi Gram,Zilla Panchayat Bangalore Rural,Rural Road & Culvert,Link road paving connecting main highway to agrarian hamlet of Gandhi Gram,3660000.0,1830000.0,780000.0,1050000.0,In Progress,2023-09-14,2023-10-13,,2023-24,13.1803,77.50071,True
MPLADS-2023-UT-0007,Narendra Modi,Lok Sabha,Varanasi (Lok Sabha),Uttar Pradesh,Varanasi,Arajiline,Nehru Colony,M/s Purvanchal InfraTech Services,Rural Road & Culvert,Construction of cement concrete (CC) internal village road at Nehru Colony,3570000.0,3570000.0,3324000.0,246000.0,Completed,2023-11-21,2023-12-31,2024-08-20,2023-24,25.32695,83.03318,True
MPLADS-2023-TA-0008,Su. Venkatesan,Lok Sabha,Madurai (Lok Sabha),Tamil Nadu,Madurai,Melur,Sundar Nagar,Madurai Municipal Corp,Solar Street Lighting,Erection of high-mast solar illumination tower near market square in Sundar Nagar,510000.0,510000.0,476000.0,34000.0,Completed,2023-05-27,2023-06-14,2023-08-26,2023-24,9.90652,78.01505,True
MPLADS-2023-TA-0009,Su. Venkatesan,Lok Sabha,Madurai (Lok Sabha),Tamil Nadu,Madurai,Vadipatti,Green Park,PWD Water Resources,Sanitation Facility / Public Toilet,Construction of community sanitary complex with bio-toilets for women at Green Park,1130000.0,1130000.0,550000.0,580000.0,In Progress,2023-12-31,2024-01-22,,2023-24,9.87564,78.03776,True
MPLADS-2023-MA-0010,Nitin Gadkari,Lok Sabha,Nagpur (Lok Sabha),Maharashtra,Nagpur,Hingna,Devipura,Zilla Parishad Nagpur,Solar Street Lighting,Installation of 35 LED solar street lights across major junctions in Devipura,1020000.0,510000.0,258000.0,252000.0,In Progress,2023-12-16,2024-01-19,,2023-24,21.06457,79.19704,True
MPLADS-2023-WE-0011,Jagannath Sarkar,Lok Sabha,Ranaghat (Lok Sabha),West Bengal,Nadia,Chakdaha,Bhavani Peth,Zilla Parishad Nadia,Community Hall,Construction of multipurpose community hall in Bhavani Peth,2700000.0,2700000.0,2674000.0,26000.0,Completed,2023-08-01,2023-09-04,2024-01-22,2023-24,23.37156,88.55314,True
MPLADS-2023-MA-0012,Nitin Gadkari,Lok Sabha,Nagpur (Lok Sabha),Maharashtra,Nagpur,Kamptee,Subhash Nagar,Nagpur Improvement Trust,School Classroom & Infrastructure,"Installation of rooftop solar panels and clean sanitation facility in Govt High School, Subhash Nagar",1310000.0,655000.0,0.0,655000.0,Sanctioned,2023-11-03,2023-12-21,,2023-24,21.20706,79.13377,True
MPLADS-2023-UT-0013,Rajnath Singh,Lok Sabha,Lucknow (Lok Sabha),Uttar Pradesh,Lucknow,Sarojini Nagar,Lakshmipuram,UP State Construction Corp,School Classroom & Infrastructure,"Construction of two additional smart classrooms in Zilla Parishad School, Lakshmipuram",1420000.0,1420000.0,1369000.0,51000.0,Completed,2023-09-21,2023-10-10,2024-03-08,2023-24,26.77955,80.84324,True
MPLADS-2023-MA-0014,Girish Bapat / Successor Rep,Lok Sabha,Pune (Lok Sabha),Maharashtra,Pune,Haveli,Hanuman Nagar,PWD Pune Division,Community Hall,Renovation and expansion of existing Gram Panchayat auditorium in Hanuman Nagar,1730000.0,1730000.0,1610000.0,120000.0,Completed,2023-12-05,2024-01-31,2024-10-23,2023-24,18.53869,73.79502,True
MPLADS-2023-TA-0015,Su. Venkatesan,Lok Sabha,Madurai (Lok Sabha),Tamil Nadu,Madurai,Madurai West,Chandrapur,Madurai Municipal Corp,Primary Health Sub-Center,"Supply of medical diagnostics, cold chain storage and OPD shed in Chandrapur",3370000.0,0.0,0.0,0.0,Sanctioned,2023-11-26,2024-01-06,,2023-24,9.96681,78.236,True
MPLADS-2023-MA-0016,Girish Bapat / Successor Rep,Lok Sabha,Pune (Lok Sabha),Maharashtra,Pune,Ambegaon,Chandrapur,DRDA Pune,Drinking Water RO Plant,Installation of 1000 LPH RO drinking water filtration unit at Chandrapur,870000.0,870000.0,820000.0,50000.0,Completed,2023-06-11,2023-07-24,2023-10-08,2023-24,18.61028,73.75479,True
MPLADS-2023-WE-0017,Jagannath Sarkar,Lok Sabha,Ranaghat (Lok Sabha),West Bengal,Nadia,Ranaghat-I,Green Park,Public Health Engineering WB,Sanitation Facility / Public Toilet,Construction of community sanitary complex with bio-toilets for women at Green Park,1370000.0,1370000.0,1313000.0,57000.0,Completed,2023-06-25,2023-07-25,2023-10-24,2023-24,23.56759,88.47601,True
MPLADS-2023-MA-0018,Hemant Godse,Lok Sabha,Nashik (Lok Sabha),Maharashtra,Nashik,Sinnar,Navi Vasti,DRDA Nashik,School Classroom & Infrastructure,"Installation of rooftop solar panels and clean sanitation facility in Govt High School, Navi Vasti",2340000.0,2340000.0,2208000.0,132000.0,Completed,2023-12-06,2024-01-25,2024-08-10,2023-24,19.89154,73.84638,True
MPLADS-2023-MA-0019,Nitin Gadkari,Lok Sabha,Nagpur (Lok Sabha),Maharashtra,Nagpur,Hingna,Shivpur,Nagpur Improvement Trust,Solar Street Lighting,Erection of high-mast solar illumination tower near market square in Shivpur,780000.0,780000.0,749000.0,31000.0,Completed,2023-06-20,2023-08-07,2023-10-30,2023-24,21.0704,79.11101,True
MPLADS-2023-KA-0020,Prathap Simha,Lok Sabha,Mysore (Lok Sabha),Karnataka,Mysuru,Hunsur,Gopalganj,Mysore Urban Dev Authority,Solar Street Lighting,Comprehensive street lighting and battery energy storage system at Gopalganj,480000.0,480000.0,282000.0,198000.0,In Progress,2023-11-01,2023-11-21,,2023-24,12.40013,76.56842,True
MPLADS-2023-UT-0021,Narendra Modi,Lok Sabha,Varanasi (Lok Sabha),Uttar Pradesh,Varanasi,Pindra,Sundar Nagar,Varanasi Nagar Nigam,Primary Health Sub-Center,Civil construction of primary wellness dispensary and staff quarters in Sundar Nagar,3190000.0,3190000.0,3093000.0,97000.0,Completed,2023-05-08,2023-06-12,2024-04-01,2023-24,25.43666,82.87148,True
MPLADS-2023-KA-0022,Prathap Simha,Lok Sabha,Mysore (Lok Sabha),Karnataka,Mysuru,Nanjangud,Khadki,Zilla Panchayat Mysuru,Drinking Water RO Plant,Provision of deep borewell and solar powered community water kiosk in Khadki,960000.0,960000.0,807000.0,153000.0,In Progress,2024-01-04,2024-02-16,,2023-24,12.3695,76.64635,True
MPLADS-2023-WE-0023,Jagannath Sarkar,Lok Sabha,Ranaghat (Lok Sabha),West Bengal,Nadia,Ranaghat-I,Adarsh Nagar,WB PWD Nadia,Community Hall,Construction of multipurpose community hall in Adarsh Nagar,2440000.0,2440000.0,2286000.0,154000.0,Completed,2023-08-18,2023-09-11,2024-04-05,2023-24,23.39986,88.58872,True
MPLADS-2023-UT-0024,Rajnath Singh,Lok Sabha,Lucknow (Lok Sabha),Uttar Pradesh,Lucknow,Sarojini Nagar,Khadki,Lucknow Development Authority,Primary Health Sub-Center,"Supply of medical diagnostics, cold chain storage and OPD shed in Khadki",4940000.0,4940000.0,4596000.0,344000.0,Completed,2023-04-02,2023-04-19,2023-11-22,2023-24,26.76548,80.93224,True
MPLADS-2023-TA-0025,P. R. Natarajan,Lok Sabha,Coimbatore (Lok Sabha),Tamil Nadu,Coimbatore,Pollachi,Nehru Colony,Tamil Nadu PWD,Drinking Water RO Plant,Upgradation of pipeline distribution and drinking water storage tank at Nehru Colony,730000.0,548000.0,203000.0,345000.0,In Progress,2024-01-24,2024-03-02,,2023-24,10.97078,77.05156,True
MPLADS-2023-MA-0026,Hemant Godse,Lok Sabha,Nashik (Lok Sabha),Maharashtra,Nashik,Dindori,Subhash Nagar,Zilla Parishad Nashik,Community Hall,Development of public cultural center and community shed at Subhash Nagar,2490000.0,0.0,0.0,0.0,Sanctioned,2023-06-19,2023-07-30,,2023-24,20.08501,73.90409,True
MPLADS-2023-KA-0027,Prathap Simha,Lok Sabha,Mysore (Lok Sabha),Karnataka,Mysuru,Hunsur,Surya Nagar,PWD Mysuru,Rural Road & Culvert,Bituminous road widening and storm-water drainage culvert in Surya Nagar,3970000.0,3970000.0,3875000.0,95000.0,Completed,2023-08-15,2023-09-14,2024-03-19,2023-24,12.38512,76.72546,True
MPLADS-2023-KA-0028,D. K. Suresh,Lok Sabha,Bangalore Rural (Lok Sabha),Karnataka,Bangalore Rural,Nelamangala,Navi Vasti,Zilla Panchayat Bangalore Rural,Sanitation Facility / Public Toilet,Construction of community sanitary complex with bio-toilets for women at Navi Vasti,740000.0,740000.0,697000.0,43000.0,Completed,2023-07-08,2023-09-03,2023-10-21,2023-24,13.40465,77.49199,True
MPLADS-2023-WE-0029,Jagannath Sarkar,Lok Sabha,Ranaghat (Lok Sabha),West Bengal,Nadia,Chakdaha,Rampur,Zilla Parishad Nadia,Community Hall,Development of public cultural center and community shed at Rampur,1650000.0,1650000.0,1575000.0,75000.0,Completed,2023-04-20,2023-05-21,2023-12-07,2023-24,23.45573,88.67272,True
MPLADS-2023-MA-0030,Hemant Godse,Lok Sabha,Nashik (Lok Sabha),Maharashtra,Nashik,Trimbak,Adarsh Nagar,Zilla Parishad Nashik,Community Hall,Renovation and expansion of existing Gram Panchayat auditorium in Adarsh Nagar,2010000.0,2010000.0,1418000.0,592000.0,In Progress,2024-01-01,2024-02-18,,2023-24,19.92479,73.77331,True
MPLADS-2023-UT-0031,Rajnath Singh,Lok Sabha,Lucknow (Lok Sabha),Uttar Pradesh,Lucknow,Bakshi Ka Talab,Navi Vasti,PWD Lucknow,Solar Street Lighting,Erection of high-mast solar illumination tower near market square in Navi Vasti,880000.0,880000.0,326000.0,554000.0,In Progress,2023-10-24,2023-11-28,,2023-24,26.82761,81.05189,True
MPLADS-2023-KA-0032,Prathap Simha,Lok Sabha,Mysore (Lok Sabha),Karnataka,Mysuru,K.R. Nagar,Rampur,Mysore Urban Dev Authority,Rural Road & Culvert,Bituminous road widening and storm-water drainage culvert in Rampur,2370000.0,2370000.0,2264000.0,106000.0,Completed,2023-09-12,2023-11-03,2024-03-26,2023-24,12.29848,76.7099,True
MPLADS-2023-KA-0033,D. K. Suresh,Lok Sabha,Bangalore Rural (Lok Sabha),Karnataka,Bangalore Rural,Hosakote,Subhash Nagar,PWD Karnataka,Primary Health Sub-Center,Civil construction of primary wellness dispensary and staff quarters in Subhash Nagar,3310000.0,3310000.0,3098000.0,212000.0,Completed,2023-09-06,2023-10-06,2024-03-10,2023-24,13.18369,77.66114,True
MPLADS-2023-WE-0034,Jagannath Sarkar,Lok Sabha,Ranaghat (Lok Sabha),West Bengal,Nadia,Hanskhali,Shivaji Nagar,Zilla Parishad Nadia,Solar Street Lighting,Installation of 35 LED solar street lights across major junctions in Shivaji Nagar,920000.0,920000.0,857000.0,63000.0,Completed,2023-12-10,2024-01-18,2024-04-01,2023-24,23.35233,88.61673,True
MPLADS-2023-MA-0035,Hemant Godse,Lok Sabha,Nashik (Lok Sabha),Maharashtra,Nashik,Dindori,Nehru Colony,Zilla Parishad Nashik,Solar Street Lighting,Erection of high-mast solar illumination tower near market square in Nehru Colony,480000.0,480000.0,472000.0,8000.0,Completed,2023-06-02,2023-07-02,2023-09-12,2023-24,20.00497,73.80394,True
MPLADS-2023-UT-0036,Rajnath Singh,Lok Sabha,Lucknow (Lok Sabha),Uttar Pradesh,Lucknow,Mohanlalganj,Indira Nagar,PWD Lucknow,Drinking Water RO Plant,Upgradation of pipeline distribution and drinking water storage tank at Indira Nagar,1480000.0,1480000.0,670000.0,810000.0,In Progress,2023-08-11,2023-09-23,,2023-24,26.91334,80.9425,True
MPLADS-2023-KA-0037,Prathap Simha,Lok Sabha,Mysore (Lok Sabha),Karnataka,Mysuru,K.R. Nagar,Nehru Colony,PWD Mysuru,Rural Road & Culvert,Construction of cement concrete (CC) internal village road at Nehru Colony,2530000.0,2530000.0,2358000.0,172000.0,Completed,2024-01-02,2024-02-06,2024-08-12,2023-24,12.34235,76.68894,True
MPLADS-2023-MA-0038,Hemant Godse,Lok Sabha,Nashik (Lok Sabha),Maharashtra,Nashik,Niphad,Green Park,PWD Nashik,School Classroom & Infrastructure,Provision of modern science laboratory equipment and student desks at Green Park,1180000.0,590000.0,0.0,590000.0,Sanctioned,2023-10-17,2023-11-27,,2023-24,20.10455,73.67449,True
MPLADS-2023-WE-0039,Jagannath Sarkar,Lok Sabha,Ranaghat (Lok Sabha),West Bengal,Nadia,Hanskhali,Krishnapuram,WB PWD Nadia,Rural Road & Culvert,Bituminous road widening and storm-water drainage culvert in Krishnapuram,4100000.0,4100000.0,3034000.0,1066000.0,In Progress,2024-01-01,2024-02-11,,2023-24,23.56647,88.55368,True
MPLADS-2023-UT-0040,Rajnath Singh,Lok Sabha,Lucknow (Lok Sabha),Uttar Pradesh,Lucknow,Mohanlalganj,Gandhi Gram,Lucknow Development Authority,Rural Road & Culvert,Link road paving connecting main highway to agrarian hamlet of Gandhi Gram,3630000.0,1815000.0,1524000.0,291000.0,In Progress,2023-06-24,2023-08-03,,2023-24,26.85489,81.04386,True
MPLADS-2023-WE-0041,Jagannath Sarkar,Lok Sabha,Ranaghat (Lok Sabha),West Bengal,Nadia,Ranaghat-I,Kaveri Nagar,Public Health Engineering WB,Drinking Water RO Plant,Provision of deep borewell and solar powered community water kiosk in Kaveri Nagar,860000.0,860000.0,822000.0,38000.0,Completed,2023-10-12,2023-11-12,2024-02-08,2023-24,23.5337,88.52749,True
MPLADS-2023-TA-0042,Su. Venkatesan,Lok Sabha,Madurai (Lok Sabha),Tamil Nadu,Madurai,Madurai East,Rampur,PWD Water Resources,Primary Health Sub-Center,Civil construction of primary wellness dispensary and staff quarters in Rampur,2370000.0,2370000.0,763000.0,1607000.0,In Progress,2023-07-24,2023-08-30,,2023-24,9.81265,78.05915,True
MPLADS-2023-MA-0043,Nitin Gadkari,Lok Sabha,Nagpur (Lok Sabha),Maharashtra,Nagpur,Kamptee,Sundar Nagar,Nagpur Improvement Trust,School Classroom & Infrastructure,"Installation of rooftop solar panels and clean sanitation facility in Govt High School, Sundar Nagar",1250000.0,938000.0,368000.0,570000.0,In Progress,2023-11-25,2023-12-23,,2023-24,21.17154,79.1477,True
MPLADS-2023-MA-0044,Girish Bapat / Successor Rep,Lok Sabha,Pune (Lok Sabha),Maharashtra,Pune,Shirur,Patel Nagar,PWD Pune Division,Community Hall,Development of public cultural center and community shed at Patel Nagar,2210000.0,0.0,0.0,0.0,Sanctioned,2023-10-21,2023-11-29,,2023-24,18.41864,73.90245,True
MPLADS-2023-KA-0045,D. K. Suresh,Lok Sabha,Bangalore Rural (Lok Sabha),Karnataka,Bangalore Rural,Hosakote,Vikas Nagar,PWD Karnataka,Sanitation Facility / Public Toilet,Construction of community sanitary complex with bio-toilets for women at Vikas Nagar,1230000.0,1230000.0,1174000.0,56000.0,Completed,2023-04-22,2023-06-12,2023-09-07,2023-24,13.18915,77.58041,True
MPLADS-2023-MA-0046,Hemant Godse,Lok Sabha,Nashik (Lok Sabha),Maharashtra,Nashik,Niphad,Kaveri Nagar,Nashik Municipal Corp,Rural Road & Culvert,Link road paving connecting main highway to agrarian hamlet of Kaveri Nagar,4210000.0,4210000.0,4120000.0,90000.0,Completed,2023-06-18,2023-08-01,2024-01-07,2023-24,20.02532,73.89051,True
MPLADS-2023-TA-0047,Su. Venkatesan,Lok Sabha,Madurai (Lok Sabha),Tamil Nadu,Madurai,Thiruparankundram,Patel Nagar,District Rural Dev Agency,Rural Road & Culvert,Bituminous road widening and storm-water drainage culvert in Patel Nagar,4100000.0,0.0,0.0,0.0,Sanctioned,2023-08-21,2023-09-10,,2023-24,9.98531,78.13656,True
MPLADS-2023-TA-0048,Su. Venkatesan,Lok Sabha,Madurai (Lok Sabha),Tamil Nadu,Madurai,Madurai East,Hanuman Nagar,PWD Water Resources,Drinking Water RO Plant,Provision of deep borewell and solar powered community water kiosk in Hanuman Nagar,890000.0,890000.0,861000.0,29000.0,Completed,2023-09-22,2023-10-23,2024-01-11,2023-24,9.93859,78.12379,True
MPLADS-2023-KA-0049,D. K. Suresh,Lok Sabha,Bangalore Rural (Lok Sabha),Karnataka,Bangalore Rural,Doddaballapura,Kaveri Nagar,PWD Karnataka,School Classroom & Infrastructure,"Installation of rooftop solar panels and clean sanitation facility in Govt High School, Kaveri Nagar",2090000.0,1568000.0,857000.0,711000.0,In Progress,2023-11-30,2024-01-28,,2023-24,13.17674,77.49562,True
MPLADS-2023-TA-0050,P. R. Natarajan,Lok Sabha,Coimbatore (Lok Sabha),Tamil Nadu,Coimbatore,Mettupalayam,Patel Nagar,DRDA Coimbatore,Rural Road & Culvert,Bituminous road widening and storm-water drainage culvert in Patel Nagar,3290000.0,1645000.0,658000.0,987000.0,Stalled,2023-11-04,2023-12-11,,2023-24,11.02889,76.92023,True
MPLADS-2023-TA-0051,Su. Venkatesan,Lok Sabha,Madurai (Lok Sabha),Tamil Nadu,Madurai,Melur,Gopalganj,PWD Water Resources,Community Hall,Renovation and expansion of existing Gram Panchayat auditorium in Gopalganj,1670000.0,835000.0,0.0,835000.0,Sanctioned,2023-12-31,2024-01-22,,2023-24,9.84964,78.05173,True
MPLADS-2023-TA-0052,Su. Venkatesan,Lok Sabha,Madurai (Lok Sabha),Tamil Nadu,Madurai,Vadipatti,Vikas Nagar,District Rural Dev Agency,Rural Road & Culvert,Construction of cement concrete (CC) internal village road at Vikas Nagar,4050000.0,4050000.0,3824000.0,226000.0,Completed,2023-07-26,2023-08-28,2024-04-10,2023-24,9.83558,78.01072,True
MPLADS-2023-MA-0053,Nitin Gadkari,Lok Sabha,Nagpur (Lok Sabha),Maharashtra,Nagpur,Hingna,Sundar Nagar,Zilla Parishad Nagpur,Primary Health Sub-Center,"Supply of medical diagnostics, cold chain storage and OPD shed in Sundar Nagar",2540000.0,2540000.0,2434000.0,106000.0,Completed,2024-01-19,2024-02-03,2024-09-27,2023-24,21.07005,78.98053,True
MPLADS-2023-TA-0054,P. R. Natarajan,Lok Sabha,Coimbatore (Lok Sabha),Tamil Nadu,Coimbatore,Pollachi,Bhavani Peth,Coimbatore City Corp,Community Hall,Renovation and expansion of existing Gram Panchayat auditorium in Bhavani Peth,2280000.0,2280000.0,2200000.0,80000.0,Completed,2023-06-17,2023-07-05,2024-01-18,2023-24,10.91724,76.89537,True
MPLADS-2023-WE-0055,Jagannath Sarkar,Lok Sabha,Ranaghat (Lok Sabha),West Bengal,Nadia,Chakdaha,Vikas Nagar,Public Health Engineering WB,Drinking Water RO Plant,Upgradation of pipeline distribution and drinking water storage tank at Vikas Nagar,1040000.0,260000.0,0.0,260000.0,Sanctioned,2023-08-31,2023-10-13,,2023-24,23.42429,88.58555,True
MPLADS-2023-WE-0056,Jagannath Sarkar,Lok Sabha,Ranaghat (Lok Sabha),West Bengal,Nadia,Ranaghat-II,Kalyanpur,Public Health Engineering WB,Rural Road & Culvert,Link road paving connecting main highway to agrarian hamlet of Kalyanpur,2020000.0,1010000.0,304000.0,706000.0,In Progress,2023-06-28,2023-07-28,,2023-24,23.45912,88.57901,True
MPLADS-2023-UT-0057,Narendra Modi,Lok Sabha,Varanasi (Lok Sabha),Uttar Pradesh,Varanasi,Arajiline,Nehru Colony,Rural Engineering Dept UP,Rural Road & Culvert,Link road paving connecting main highway to agrarian hamlet of Nehru Colony,4120000.0,2060000.0,0.0,2060000.0,Sanctioned,2023-07-29,2023-08-17,,2023-24,25.33915,83.04684,True
MPLADS-2023-KA-0058,Prathap Simha,Lok Sabha,Mysore (Lok Sabha),Karnataka,Mysuru,Hunsur,Gopalganj,Mysore Urban Dev Authority,Primary Health Sub-Center,Upgradation of primary health sub-center with maternity care room at Gopalganj,5200000.0,5200000.0,5114000.0,86000.0,Completed,2023-05-07,2023-05-31,2024-03-28,2023-24,12.35555,76.65601,True
MPLADS-2023-UT-0059,Rajnath Singh,Lok Sabha,Lucknow (Lok Sabha),Uttar Pradesh,Lucknow,Bakshi Ka Talab,Nehru Colony,UP State Construction Corp,Rural Road & Culvert,Link road paving connecting main highway to agrarian hamlet of Nehru Colony,2890000.0,2890000.0,2760000.0,130000.0,Completed,2023-12-13,2024-01-14,2024-04-23,2023-24,26.94016,81.00249,True
MPLADS-2023-WE-0060,Jagannath Sarkar,Lok Sabha,Ranaghat (Lok Sabha),West Bengal,Nadia,Ranaghat-I,Gopalganj,WB PWD Nadia,Primary Health Sub-Center,Civil construction of primary wellness dispensary and staff quarters in Gopalganj,4140000.0,2070000.0,1157000.0,913000.0,In Progress,2023-08-16,2023-09-01,,2023-24,23.50736,88.65636,True
MPLADS-2023-KA-0061,Prathap Simha,Lok Sabha,Mysore (Lok Sabha),Karnataka,Mysuru,K.R. Nagar,Bhavani Peth,PWD Mysuru,Rural Road & Culvert,Bituminous road widening and storm-water drainage culvert in Bhavani Peth,2700000.0,675000.0,0.0,675000.0,Sanctioned,2023-05-24,2023-07-20,,2023-24,12.27459,76.63831,True
MPLADS-2023-TA-0062,P. R. Natarajan,Lok Sabha,Coimbatore (Lok Sabha),Tamil Nadu,Coimbatore,Annur,Hanuman Nagar,Tamil Nadu PWD,Rural Road & Culvert,Bituminous road widening and storm-water drainage culvert in Hanuman Nagar,2110000.0,1055000.0,698000.0,357000.0,In Progress,2023-12-20,2024-01-29,,2023-24,11.02702,76.93498,True
MPLADS-2023-KA-0063,Prathap Simha,Lok Sabha,Mysore (Lok Sabha),Karnataka,Mysuru,Heggadadevankote,Shivaji Nagar,Zilla Panchayat Mysuru,School Classroom & Infrastructure,"Construction of two additional smart classrooms in Zilla Parishad School, Shivaji Nagar",1360000.0,340000.0,0.0,340000.0,Sanctioned,2023-06-07,2023-07-27,,2023-24,12.3872,76.63573,True
MPLADS-2023-MA-0064,Nitin Gadkari,Lok Sabha,Nagpur (Lok Sabha),Maharashtra,Nagpur,Ramtek,Nehru Colony,Nagpur Improvement Trust,Drinking Water RO Plant,Provision of deep borewell and solar powered community water kiosk in Nehru Colony,1200000.0,1200000.0,1199000.0,1000.0,Completed,2023-10-26,2023-12-15,2024-02-12,2023-24,21.13655,78.99639,True
MPLADS-2023-KA-0065,Prathap Simha,Lok Sabha,Mysore (Lok Sabha),Karnataka,Mysuru,T. Narasipura,Nehru Colony,Mysore Urban Dev Authority,Rural Road & Culvert,Bituminous road widening and storm-water drainage culvert in Nehru Colony,4050000.0,4050000.0,3773000.0,277000.0,Completed,2023-08-03,2023-09-17,2024-02-02,2023-24,12.39705,76.64138,True
MPLADS-2023-KA-0066,D. K. Suresh,Lok Sabha,Bangalore Rural (Lok Sabha),Karnataka,Bangalore Rural,Hosakote,Hanuman Nagar,Zilla Panchayat Bangalore Rural,Sanitation Facility / Public Toilet,Public sanitation facility and septic disposal system in Hanuman Nagar weekly market,780000.0,780000.0,483000.0,297000.0,In Progress,2023-08-23,2023-09-07,,2023-24,13.33099,77.63266,True
MPLADS-2023-TA-0067,Su. Venkatesan,Lok Sabha,Madurai (Lok Sabha),Tamil Nadu,Madurai,Melur,Green Park,PWD Water Resources,Sanitation Facility / Public Toilet,Public sanitation facility and septic disposal system in Green Park weekly market,870000.0,435000.0,174000.0,261000.0,Stalled,2023-07-06,2023-08-10,,2023-24,9.86251,78.09171,True
MPLADS-2023-TA-0068,P. R. Natarajan,Lok Sabha,Coimbatore (Lok Sabha),Tamil Nadu,Coimbatore,Mettupalayam,Bhavani Peth,DRDA Coimbatore,Primary Health Sub-Center,"Supply of medical diagnostics, cold chain storage and OPD shed in Bhavani Peth",3470000.0,3470000.0,3203000.0,267000.0,Completed,2023-06-17,2023-08-13,2024-05-17,2023-24,11.12848,76.91548,True
MPLADS-2023-MA-0069,Hemant Godse,Lok Sabha,Nashik (Lok Sabha),Maharashtra,Nashik,Nashik Rural,Rampur,DRDA Nashik,Primary Health Sub-Center,Upgradation of primary health sub-center with maternity care room at Rampur,3550000.0,3550000.0,3488000.0,62000.0,Completed,2023-06-19,2023-08-14,2024-03-18,2023-24,19.95875,73.83605,True
MPLADS-2023-MA-0070,Hemant Godse,Lok Sabha,Nashik (Lok Sabha),Maharashtra,Nashik,Trimbak,Hanuman Nagar,DRDA Nashik,Primary Health Sub-Center,Civil construction of primary wellness dispensary and staff quarters in Hanuman Nagar,5130000.0,5130000.0,4748000.0,382000.0,Completed,2024-01-03,2024-02-18,2024-12-25,2023-24,20.04176,73.73877,True
MPLADS-2023-KA-0071,D. K. Suresh,Lok Sabha,Bangalore Rural (Lok Sabha),Karnataka,Bangalore Rural,Nelamangala,Shivaji Nagar,KRIDL Rural Infra,Primary Health Sub-Center,Upgradation of primary health sub-center with maternity care room at Shivaji Nagar,3660000.0,0.0,0.0,0.0,Sanctioned,2023-09-01,2023-10-30,,2023-24,13.25045,77.43847,True
MPLADS-2023-UT-0072,Rajnath Singh,Lok Sabha,Lucknow (Lok Sabha),Uttar Pradesh,Lucknow,Mohanlalganj,Gopalganj,Lucknow Development Authority,Solar Street Lighting,Erection of high-mast solar illumination tower near market square in Gopalganj,820000.0,820000.0,794000.0,26000.0,Completed,2023-06-27,2023-07-23,2023-09-15,2023-24,26.87543,80.884,True
MPLADS-2023-WE-0073,Jagannath Sarkar,Lok Sabha,Ranaghat (Lok Sabha),West Bengal,Nadia,Ranaghat-II,Shivaji Nagar,Zilla Parishad Nadia,Rural Road & Culvert,Bituminous road widening and storm-water drainage culvert in Shivaji Nagar,2490000.0,1245000.0,0.0,1245000.0,Sanctioned,2023-11-25,2023-12-10,,2023-24,23.48218,88.45423,True
MPLADS-2023-UT-0074,Rajnath Singh,Lok Sabha,Lucknow (Lok Sabha),Uttar Pradesh,Lucknow,Mohanlalganj,Adarsh Nagar,PWD Lucknow,School Classroom & Infrastructure,Provision of modern science laboratory equipment and student desks at Adarsh Nagar,1360000.0,1360000.0,1293000.0,67000.0,Completed,2023-12-04,2024-01-12,2024-05-11,2023-24,26.86465,81.06445,True
MPLADS-2023-UT-0075,Narendra Modi,Lok Sabha,Varanasi (Lok Sabha),Uttar Pradesh,Varanasi,Harahua,Adarsh Nagar,Varanasi Nagar Nigam,Community Hall,Renovation and expansion of existing Gram Panchayat auditorium in Adarsh Nagar,2610000.0,1958000.0,1423000.0,535000.0,In Progress,2023-12-11,2023-12-29,,2023-24,25.25283,83.04636,True
MPLADS-2023-KA-0076,D. K. Suresh,Lok Sabha,Bangalore Rural (Lok Sabha),Karnataka,Bangalore Rural,Hosakote,Surya Nagar,PWD Karnataka,Sanitation Facility / Public Toilet,Public sanitation facility and septic disposal system in Surya Nagar weekly market,1130000.0,565000.0,0.0,565000.0,Sanctioned,2023-05-20,2023-06-12,,2023-24,13.18206,77.61427,True
MPLADS-2023-MA-0077,Nitin Gadkari,Lok Sabha,Nagpur (Lok Sabha),Maharashtra,Nagpur,Hingna,Sundar Nagar,Zilla Parishad Nagpur,Community Hall,Development of public cultural center and community shed at Sundar Nagar,1860000.0,1860000.0,1828000.0,32000.0,Completed,2023-06-29,2023-08-09,2024-03-09,2023-24,21.1532,79.18744,True
MPLADS-2023-KA-0078,Prathap Simha,Lok Sabha,Mysore (Lok Sabha),Karnataka,Mysuru,K.R. Nagar,Surya Nagar,Zilla Panchayat Mysuru,Sanitation Facility / Public Toilet,"Modern hygiene block with running water and solar lighting near bus stand, Surya Nagar",1230000.0,1230000.0,1227000.0,3000.0,Completed,2023-05-09,2023-06-22,2023-09-20,2023-24,12.40794,76.7125,True
MPLADS-2023-UT-0079,Narendra Modi,Lok Sabha,Varanasi (Lok Sabha),Uttar Pradesh,Varanasi,Kashi Vidyapeeth,Adarsh Nagar,UP Jal Nigam,Solar Street Lighting,Installation of 35 LED solar street lights across major junctions in Adarsh Nagar,750000.0,750000.0,613000.0,137000.0,In Progress,2023-08-13,2023-10-10,,2023-24,25.2236,82.91002,True
MPLADS-2023-MA-0080,Nitin Gadkari,Lok Sabha,Nagpur (Lok Sabha),Maharashtra,Nagpur,Ramtek,Vikas Nagar,PWD Nagpur,Drinking Water RO Plant,Upgradation of pipeline distribution and drinking water storage tank at Vikas Nagar,760000.0,380000.0,143000.0,237000.0,In Progress,2023-09-02,2023-10-16,,2023-24,21.2529,79.04125,True
MPLADS-2023-TA-0081,P. R. Natarajan,Lok Sabha,Coimbatore (Lok Sabha),Tamil Nadu,Coimbatore,Pollachi,Green Park,Tamil Nadu PWD,Drinking Water RO Plant,Provision of deep borewell and solar powered community water kiosk in Green Park,1110000.0,1110000.0,1087000.0,23000.0,Completed,2024-01-02,2024-02-28,2024-05-02,2023-24,11.1093,76.99298,True
MPLADS-2023-TA-0082,Su. Venkatesan,Lok Sabha,Madurai (Lok Sabha),Tamil Nadu,Madurai,Melur,Nehru Colony,Madurai Municipal Corp,Rural Road & Culvert,Construction of cement concrete (CC) internal village road at Nehru Colony,3000000.0,3000000.0,2925000.0,75000.0,Completed,2023-10-03,2023-11-02,2024-06-18,2023-24,10.02161,78.15456,True
MPLADS-2023-MA-0083,Hemant Godse,Lok Sabha,Nashik (Lok Sabha),Maharashtra,Nashik,Sinnar,Chandrapur,Zilla Parishad Nashik,Sanitation Facility / Public Toilet,"Modern hygiene block with running water and solar lighting near bus stand, Chandrapur",630000.0,630000.0,596000.0,34000.0,Completed,2023-04-11,2023-05-09,2023-07-04,2023-24,20.06637,73.71905,True
MPLADS-2023-WE-0084,Jagannath Sarkar,Lok Sabha,Ranaghat (Lok Sabha),West Bengal,Nadia,Chakdaha,Gopalganj,WB PWD Nadia,Rural Road & Culvert,Construction of cement concrete (CC) internal village road at Gopalganj,3930000.0,3930000.0,3925000.0,5000.0,Completed,2023-04-02,2023-05-25,2023-09-25,2023-24,23.48065,88.62814,True
MPLADS-2023-MA-0085,Nitin Gadkari,Lok Sabha,Nagpur (Lok Sabha),Maharashtra,Nagpur,Nagpur Rural,Rampur,Nagpur Improvement Trust,Rural Road & Culvert,Construction of cement concrete (CC) internal village road at Rampur,3390000.0,3390000.0,3153000.0,237000.0,Completed,2023-06-29,2023-07-15,2024-01-28,2023-24,21.15206,79.14716,True
MPLADS-2023-TA-0086,Su. Venkatesan,Lok Sabha,Madurai (Lok Sabha),Tamil Nadu,Madurai,Melur,Patel Nagar,District Rural Dev Agency,Community Hall,Development of public cultural center and community shed at Patel Nagar,2110000.0,2110000.0,1238000.0,872000.0,In Progress,2023-04-23,2023-06-16,,2023-24,9.91513,78.23117,True
MPLADS-2023-MA-0087,Hemant Godse,Lok Sabha,Nashik (Lok Sabha),Maharashtra,Nashik,Niphad,Subhash Nagar,DRDA Nashik,Community Hall,Development of public cultural center and community shed at Subhash Nagar,2400000.0,600000.0,0.0,600000.0,Sanctioned,2023-05-08,2023-06-20,,2023-24,20.02349,73.68556,True
MPLADS-2023-UT-0088,Rajnath Singh,Lok Sabha,Lucknow (Lok Sabha),Uttar Pradesh,Lucknow,Mohanlalganj,Lakshmipuram,PWD Lucknow,Rural Road & Culvert,Bituminous road widening and storm-water drainage culvert in Lakshmipuram,3160000.0,1580000.0,1215000.0,365000.0,In Progress,2023-05-21,2023-07-02,,2023-24,26.88292,81.01075,True
MPLADS-2023-KA-0089,Prathap Simha,Lok Sabha,Mysore (Lok Sabha),Karnataka,Mysuru,K.R. Nagar,Kaveri Nagar,PWD Mysuru,Rural Road & Culvert,Bituminous road widening and storm-water drainage culvert in Kaveri Nagar,2880000.0,2880000.0,2803000.0,77000.0,Completed,2023-09-08,2023-09-29,2024-04-01,2023-24,12.40466,76.68424,True
MPLADS-2023-TA-0090,P. R. Natarajan,Lok Sabha,Coimbatore (Lok Sabha),Tamil Nadu,Coimbatore,Pollachi,Khadki,Tamil Nadu PWD,School Classroom & Infrastructure,"Construction of two additional smart classrooms in Zilla Parishad School, Khadki",2070000.0,2070000.0,1710000.0,360000.0,In Progress,2023-06-06,2023-07-14,,2023-24,11.0316,76.9966,True
MPLADS-2023-TA-0091,Su. Venkatesan,Lok Sabha,Madurai (Lok Sabha),Tamil Nadu,Madurai,Thiruparankundram,Shivpur,District Rural Dev Agency,Rural Road & Culvert,Link road paving connecting main highway to agrarian hamlet of Shivpur,2640000.0,2640000.0,2461000.0,179000.0,Completed,2024-01-21,2024-02-11,2024-09-11,2023-24,9.85902,78.02577,True
MPLADS-2023-WE-0092,Jagannath Sarkar,Lok Sabha,Ranaghat (Lok Sabha),West Bengal,Nadia,Ranaghat-I,Patel Nagar,Zilla Parishad Nadia,Drinking Water RO Plant,Provision of deep borewell and solar powered community water kiosk in Patel Nagar,1460000.0,1460000.0,1452000.0,8000.0,Completed,2024-01-11,2024-03-05,2024-05-23,2023-24,23.35795,88.50208,True
MPLADS-2023-UT-0093,Rajnath Singh,Lok Sabha,Lucknow (Lok Sabha),Uttar Pradesh,Lucknow,Sarojini Nagar,Devipura,Lucknow Development Authority,Sanitation Facility / Public Toilet,Construction of community sanitary complex with bio-toilets for women at Devipura,1030000.0,1030000.0,1000000.0,30000.0,Completed,2023-05-06,2023-06-15,2023-07-28,2023-24,26.74872,80.95352,True
MPLADS-2023-TA-0094,Su. Venkatesan,Lok Sabha,Madurai (Lok Sabha),Tamil Nadu,Madurai,Thiruparankundram,Devipura,PWD Water Resources,Rural Road & Culvert,Bituminous road widening and storm-water drainage culvert in Devipura,3750000.0,0.0,0.0,0.0,Sanctioned,2023-05-14,2023-07-04,,2023-24,9.84298,78.14808,True
MPLADS-2023-MA-0095,Hemant Godse,Lok Sabha,Nashik (Lok Sabha),Maharashtra,Nashik,Niphad,Bhavani Peth,DRDA Nashik,Solar Street Lighting,Erection of high-mast solar illumination tower near market square in Bhavani Peth,720000.0,720000.0,687000.0,33000.0,Completed,2023-12-19,2024-01-16,2024-03-04,2023-24,20.04027,73.81215,True
MPLADS-2023-WE-0096,Jagannath Sarkar,Lok Sabha,Ranaghat (Lok Sabha),West Bengal,Nadia,Ranaghat-I,Gandhi Gram,WB PWD Nadia,Solar Street Lighting,Installation of 35 LED solar street lights across major junctions in Gandhi Gram,450000.0,338000.0,155000.0,183000.0,In Progress,2023-07-18,2023-08-21,,2023-24,23.3798,88.55587,True
MPLADS-2023-TA-0097,P. R. Natarajan,Lok Sabha,Coimbatore (Lok Sabha),Tamil Nadu,Coimbatore,Sulur,Green Park,Coimbatore City Corp,Primary Health Sub-Center,Upgradation of primary health sub-center with maternity care room at Green Park,3850000.0,3850000.0,3807000.0,43000.0,Completed,2023-09-29,2023-11-25,2024-05-03,2023-24,11.00149,76.94614,True
MPLADS-2023-MA-0098,Hemant Godse,Lok Sabha,Nashik (Lok Sabha),Maharashtra,Nashik,Trimbak,Patel Nagar,DRDA Nashik,School Classroom & Infrastructure,"Installation of rooftop solar panels and clean sanitation facility in Govt High School, Patel Nagar",1930000.0,1930000.0,1925000.0,5000.0,Completed,2023-05-29,2023-07-01,2023-10-05,2023-24,20.06982,73.81815,True
MPLADS-2023-UT-0099,Narendra Modi,Lok Sabha,Varanasi (Lok Sabha),Uttar Pradesh,Varanasi,Kashi Vidyapeeth,Gopalganj,UP Jal Nigam,School Classroom & Infrastructure,"Installation of rooftop solar panels and clean sanitation facility in Govt High School, Gopalganj",1620000.0,810000.0,0.0,810000.0,Sanctioned,2023-10-20,2023-11-09,,2023-24,25.27908,82.93384,True
MPLADS-2023-KA-0100,D. K. Suresh,Lok Sabha,Bangalore Rural (Lok Sabha),Karnataka,Bangalore Rural,Devanahalli,Lakshmipuram,PWD Karnataka,Drinking Water RO Plant,Provision of deep borewell and solar powered community water kiosk in Lakshmipuram,1020000.0,1020000.0,950000.0,70000.0,Completed,2023-06-15,2023-08-10,2023-10-19,2023-24,13.21424,77.46169,True
MPLADS-2023-MA-0101,Girish Bapat / Successor Rep,Lok Sabha,Pune (Lok Sabha),Maharashtra,Pune,Ambegaon,Patel Nagar,MSEDCL Maharashtra,Sanitation Facility / Public Toilet,Public sanitation facility and septic disposal system in Patel Nagar weekly market,930000.0,465000.0,0.0,465000.0,Sanctioned,2023-09-13,2023-11-03,,2023-24,18.47627,73.84224,True
MPLADS-2023-TA-0102,Su. Venkatesan,Lok Sabha,Madurai (Lok Sabha),Tamil Nadu,Madurai,Melur,Patel Nagar,PWD Water Resources,Community Hall,Development of public cultural center and community shed at Patel Nagar,2110000.0,2110000.0,1951000.0,159000.0,Completed,2023-11-23,2023-12-27,2024-07-07,2023-24,9.82362,78.20722,True
MPLADS-2023-MA-0103,Nitin Gadkari,Lok Sabha,Nagpur (Lok Sabha),Maharashtra,Nagpur,Ramtek,Gandhi Gram,Zilla Parishad Nagpur,School Classroom & Infrastructure,"Installation of rooftop solar panels and clean sanitation facility in Govt High School, Gandhi Gram",1820000.0,910000.0,0.0,910000.0,Sanctioned,2023-11-17,2023-12-04,,2023-24,21.18224,79.04537,True
MPLADS-2023-TA-0104,P. R. Natarajan,Lok Sabha,Coimbatore (Lok Sabha),Tamil Nadu,Coimbatore,Pollachi,Chandrapur,Coimbatore City Corp,Sanitation Facility / Public Toilet,"Modern hygiene block with running water and solar lighting near bus stand, Chandrapur",1390000.0,695000.0,303000.0,392000.0,In Progress,2023-12-15,2024-01-04,,2023-24,11.00186,76.94126,True
MPLADS-2023-WE-0105,Jagannath Sarkar,Lok Sabha,Ranaghat (Lok Sabha),West Bengal,Nadia,Santipur,Navi Vasti,Zilla Parishad Nadia,School Classroom & Infrastructure,Provision of modern science laboratory equipment and student desks at Navi Vasti,2110000.0,2110000.0,1021000.0,1089000.0,In Progress,2023-04-27,2023-06-24,,2023-24,23.43013,88.57041,True
MPLADS-2023-TA-0106,Su. Venkatesan,Lok Sabha,Madurai (Lok Sabha),Tamil Nadu,Madurai,Melur,Subhash Nagar,District Rural Dev Agency,Solar Street Lighting,Installation of 35 LED solar street lights across major junctions in Subhash Nagar,670000.0,168000.0,0.0,168000.0,Sanctioned,2023-06-12,2023-08-03,,2023-24,10.03745,78.16744,True
MPLADS-2023-TA-0107,P. R. Natarajan,Lok Sabha,Coimbatore (Lok Sabha),Tamil Nadu,Coimbatore,Perur,Khadki,DRDA Coimbatore,Rural Road & Culvert,Link road paving connecting main highway to agrarian hamlet of Khadki,2820000.0,2820000.0,2393000.0,427000.0,In Progress,2023-06-05,2023-07-11,,2023-24,11.11579,76.85823,True
MPLADS-2023-TA-0108,Su. Venkatesan,Lok Sabha,Madurai (Lok Sabha),Tamil Nadu,Madurai,Madurai East,Navi Vasti,PWD Water Resources,Drinking Water RO Plant,Installation of 1000 LPH RO drinking water filtration unit at Navi Vasti,1010000.0,1010000.0,940000.0,70000.0,Completed,2023-07-08,2023-08-23,2023-10-16,2023-24,9.87619,78.18895,True
MPLADS-2023-WE-0109,Jagannath Sarkar,Lok Sabha,Ranaghat (Lok Sabha),West Bengal,Nadia,Santipur,Sundar Nagar,Public Health Engineering WB,Solar Street Lighting,Erection of high-mast solar illumination tower near market square in Sundar Nagar,550000.0,275000.0,145000.0,130000.0,In Progress,2023-06-24,2023-07-20,,2023-24,23.51333,88.49351,True
MPLADS-2023-TA-0110,Su. Venkatesan,Lok Sabha,Madurai (Lok Sabha),Tamil Nadu,Madurai,Thiruparankundram,Green Park,Madurai Municipal Corp,Drinking Water RO Plant,Provision of deep borewell and solar powered community water kiosk in Green Park,1570000.0,1570000.0,1563000.0,7000.0,Completed,2023-07-09,2023-08-23,2023-12-02,2023-24,9.916,78.06743,True
MPLADS-2023-TA-0111,Su. Venkatesan,Lok Sabha,Madurai (Lok Sabha),Tamil Nadu,Madurai,Madurai West,Vikas Nagar,Madurai Municipal Corp,Drinking Water RO Plant,Provision of deep borewell and solar powered community water kiosk in Vikas Nagar,750000.0,375000.0,259000.0,116000.0,In Progress,2023-10-08,2023-11-22,,2023-24,9.92902,78.02972,True
MPLADS-2023-MA-0112,Girish Bapat / Successor Rep,Lok Sabha,Pune (Lok Sabha),Maharashtra,Pune,Shirur,Lakshmipuram,MSEDCL Maharashtra,Drinking Water RO Plant,Provision of deep borewell and solar powered community water kiosk in Lakshmipuram,780000.0,0.0,0.0,0.0,Sanctioned,2023-11-17,2023-12-16,,2023-24,18.49998,73.83185,True
MPLADS-2023-UT-0113,Narendra Modi,Lok Sabha,Varanasi (Lok Sabha),Uttar Pradesh,Varanasi,Kashi Vidyapeeth,Krishnapuram,UP Jal Nigam,Drinking Water RO Plant,Installation of 1000 LPH RO drinking water filtration unit at Krishnapuram,990000.0,495000.0,159000.0,336000.0,In Progress,2023-09-19,2023-10-10,,2023-24,25.41778,82.96729,True
MPLADS-2023-KA-0114,Prathap Simha,Lok Sabha,Mysore (Lok Sabha),Karnataka,Mysuru,K.R. Nagar,Rampur,Mysore Urban Dev Authority,Community Hall,Construction of multipurpose community hall in Rampur,1760000.0,880000.0,0.0,880000.0,Sanctioned,2024-01-06,2024-01-30,,2023-24,12.30247,76.54608,True
MPLADS-2023-UT-0115,Narendra Modi,Lok Sabha,Varanasi (Lok Sabha),Uttar Pradesh,Varanasi,Pindra,Shivpur,UP Jal Nigam,Drinking Water RO Plant,Provision of deep borewell and solar powered community water kiosk in Shivpur,1280000.0,1280000.0,1263000.0,17000.0,Completed,2023-11-21,2024-01-14,2024-05-01,2023-24,25.34082,82.85784,True
MPLADS-2023-WE-0116,Jagannath Sarkar,Lok Sabha,Ranaghat (Lok Sabha),West Bengal,Nadia,Ranaghat-II,Kaveri Nagar,Zilla Parishad Nadia,Community Hall,Renovation and expansion of existing Gram Panchayat auditorium in Kaveri Nagar,1890000.0,1890000.0,1840000.0,50000.0,Completed,2023-10-31,2023-12-21,2024-08-31,2023-24,23.58492,88.45274,True
MPLADS-2023-WE-0117,Jagannath Sarkar,Lok Sabha,Ranaghat (Lok Sabha),West Bengal,Nadia,Hanskhali,Shivpur,Zilla Parishad Nadia,Primary Health Sub-Center,"Supply of medical diagnostics, cold chain storage and OPD shed in Shivpur",5440000.0,5440000.0,5034000.0,406000.0,Completed,2023-04-09,2023-05-10,2023-12-07,2023-24,23.52691,88.58728,True
MPLADS-2023-WE-0118,Jagannath Sarkar,Lok Sabha,Ranaghat (Lok Sabha),West Bengal,Nadia,Ranaghat-II,Krishnapuram,WB PWD Nadia,Solar Street Lighting,Erection of high-mast solar illumination tower near market square in Krishnapuram,980000.0,490000.0,196000.0,294000.0,Stalled,2023-11-24,2023-12-20,,2023-24,23.46585,88.48025,True
MPLADS-2023-KA-0119,D. K. Suresh,Lok Sabha,Bangalore Rural (Lok Sabha),Karnataka,Bangalore Rural,Nelamangala,Navi Vasti,KRIDL Rural Infra,Drinking Water RO Plant,Installation of 1000 LPH RO drinking water filtration unit at Navi Vasti,1410000.0,705000.0,0.0,705000.0,Sanctioned,2023-09-09,2023-09-26,,2023-24,13.26817,77.6207,True
MPLADS-2023-TA-0120,Su. Venkatesan,Lok Sabha,Madurai (Lok Sabha),Tamil Nadu,Madurai,Madurai East,Kalyanpur,District Rural Dev Agency,Rural Road & Culvert,Bituminous road widening and storm-water drainage culvert in Kalyanpur,4130000.0,4130000.0,4064000.0,66000.0,Completed,2023-09-17,2023-10-05,2024-04-23,2023-24,10.01868,78.17819,True
MPLADS-2023-TA-0121,Su. Venkatesan,Lok Sabha,Madurai (Lok Sabha),Tamil Nadu,Madurai,Madurai West,Nehru Colony,PWD Water Resources,School Classroom & Infrastructure,Provision of modern science laboratory equipment and student desks at Nehru Colony,2300000.0,2300000.0,1227000.0,1073000.0,In Progress,2023-08-15,2023-10-02,,2023-24,9.90855,78.23862,True
MPLADS-2023-KA-0122,Prathap Simha,Lok Sabha,Mysore (Lok Sabha),Karnataka,Mysuru,T. Narasipura,Khadki,PWD Mysuru,Rural Road & Culvert,Link road paving connecting main highway to agrarian hamlet of Khadki,2600000.0,2600000.0,2484000.0,116000.0,Completed,2023-11-05,2023-12-18,2024-07-09,2023-24,12.18597,76.72821,True
MPLADS-2023-UT-0123,Rajnath Singh,Lok Sabha,Lucknow (Lok Sabha),Uttar Pradesh,Lucknow,Sarojini Nagar,Shivpur,PWD Lucknow,Community Hall,Renovation and expansion of existing Gram Panchayat auditorium in Shivpur,2290000.0,2290000.0,889000.0,1401000.0,In Progress,2023-12-19,2024-01-26,,2023-24,26.73417,81.02988,True
MPLADS-2023-TA-0124,P. R. Natarajan,Lok Sabha,Coimbatore (Lok Sabha),Tamil Nadu,Coimbatore,Sulur,Gopalganj,Tamil Nadu PWD,Sanitation Facility / Public Toilet,Public sanitation facility and septic disposal system in Gopalganj weekly market,860000.0,860000.0,802000.0,58000.0,Completed,2024-01-16,2024-02-24,2024-05-31,2023-24,11.12452,76.92508,True
MPLADS-2023-MA-0125,Nitin Gadkari,Lok Sabha,Nagpur (Lok Sabha),Maharashtra,Nagpur,Kamptee,Krishnapuram,Zilla Parishad Nagpur,School Classroom & Infrastructure,Provision of modern science laboratory equipment and student desks at Krishnapuram,1940000.0,1940000.0,1814000.0,126000.0,Completed,2023-05-29,2023-06-28,2023-11-16,2023-24,21.11868,79.103,True
MPLADS-2023-UT-0126,Rajnath Singh,Lok Sabha,Lucknow (Lok Sabha),Uttar Pradesh,Lucknow,Mohanlalganj,Vikas Nagar,Lucknow Development Authority,Rural Road & Culvert,Link road paving connecting main highway to agrarian hamlet of Vikas Nagar,4270000.0,4270000.0,4220000.0,50000.0,Completed,2023-07-12,2023-08-27,2024-03-19,2023-24,26.76814,80.99741,True
MPLADS-2023-MA-0127,Nitin Gadkari,Lok Sabha,Nagpur (Lok Sabha),Maharashtra,Nagpur,Hingna,Krishnapuram,Zilla Parishad Nagpur,Primary Health Sub-Center,Upgradation of primary health sub-center with maternity care room at Krishnapuram,4010000.0,2005000.0,0.0,2005000.0,Sanctioned,2023-09-01,2023-10-04,,2023-24,21.1961,79.13625,True
MPLADS-2023-KA-0128,Prathap Simha,Lok Sabha,Mysore (Lok Sabha),Karnataka,Mysuru,Heggadadevankote,Chandrapur,PWD Mysuru,Drinking Water RO Plant,Installation of 1000 LPH RO drinking water filtration unit at Chandrapur,910000.0,910000.0,879000.0,31000.0,Completed,2023-04-14,2023-05-30,2023-09-11,2023-24,12.36868,76.6518,True
MPLADS-2023-WE-0129,Jagannath Sarkar,Lok Sabha,Ranaghat (Lok Sabha),West Bengal,Nadia,Ranaghat-I,Gandhi Gram,Zilla Parishad Nadia,Primary Health Sub-Center,Civil construction of primary wellness dispensary and staff quarters in Gandhi Gram,3780000.0,1890000.0,697000.0,1193000.0,In Progress,2023-10-27,2023-12-07,,2023-24,23.42709,88.4543,True
MPLADS-2023-TA-0130,Su. Venkatesan,Lok Sabha,Madurai (Lok Sabha),Tamil Nadu,Madurai,Madurai West,Shivaji Nagar,District Rural Dev Agency,Solar Street Lighting,Installation of 35 LED solar street lights across major junctions in Shivaji Nagar,950000.0,950000.0,940000.0,10000.0,Completed,2023-11-08,2023-12-01,2024-02-22,2023-24,9.835,78.03652,True
MPLADS-2023-KA-0131,D. K. Suresh,Lok Sabha,Bangalore Rural (Lok Sabha),Karnataka,Bangalore Rural,Hosakote,Gopalganj,PWD Karnataka,Rural Road & Culvert,Link road paving connecting main highway to agrarian hamlet of Gopalganj,4220000.0,4220000.0,4205000.0,15000.0,Completed,2023-08-07,2023-08-27,2024-02-03,2023-24,13.20264,77.49768,True
MPLADS-2023-WE-0132,Jagannath Sarkar,Lok Sabha,Ranaghat (Lok Sabha),West Bengal,Nadia,Chakdaha,Devipura,Public Health Engineering WB,Solar Street Lighting,Comprehensive street lighting and battery energy storage system at Devipura,550000.0,550000.0,177000.0,373000.0,In Progress,2023-09-20,2023-11-16,,2023-24,23.55831,88.45599,True
MPLADS-2023-WE-0133,Jagannath Sarkar,Lok Sabha,Ranaghat (Lok Sabha),West Bengal,Nadia,Ranaghat-II,Kaveri Nagar,Public Health Engineering WB,Solar Street Lighting,Comprehensive street lighting and battery energy storage system at Kaveri Nagar,470000.0,470000.0,468000.0,2000.0,Completed,2024-01-05,2024-02-29,2024-04-29,2023-24,23.40977,88.63026,True
MPLADS-2023-TA-0134,Su. Venkatesan,Lok Sabha,Madurai (Lok Sabha),Tamil Nadu,Madurai,Thiruparankundram,Nehru Colony,Madurai Municipal Corp,Community Hall,Construction of multipurpose community hall in Nehru Colony,2020000.0,2020000.0,1956000.0,64000.0,Completed,2023-11-24,2024-01-08,2024-07-26,2023-24,10.01196,78.07644,True
MPLADS-2023-UT-0135,Rajnath Singh,Lok Sabha,Lucknow (Lok Sabha),Uttar Pradesh,Lucknow,Malihabad,Lakshmipuram,UP State Construction Corp,Solar Street Lighting,Installation of 35 LED solar street lights across major junctions in Lakshmipuram,660000.0,660000.0,620000.0,40000.0,Completed,2023-06-02,2023-07-16,2023-08-21,2023-24,26.73885,81.05309,True
MPLADS-2023-WE-0136,Jagannath Sarkar,Lok Sabha,Ranaghat (Lok Sabha),West Bengal,Nadia,Ranaghat-II,Hanuman Nagar,WB PWD Nadia,Solar Street Lighting,Comprehensive street lighting and battery energy storage system at Hanuman Nagar,650000.0,325000.0,130000.0,195000.0,Stalled,2023-12-12,2024-01-06,,2023-24,23.46304,88.64748,True
MPLADS-2023-TA-0137,P. R. Natarajan,Lok Sabha,Coimbatore (Lok Sabha),Tamil Nadu,Coimbatore,Pollachi,Lakshmipuram,Coimbatore City Corp,School Classroom & Infrastructure,"Construction of two additional smart classrooms in Zilla Parishad School, Lakshmipuram",1380000.0,1380000.0,1324000.0,56000.0,Completed,2023-04-25,2023-06-01,2023-12-05,2023-24,11.09908,76.9972,True
MPLADS-2023-UT-0138,Narendra Modi,Lok Sabha,Varanasi (Lok Sabha),Uttar Pradesh,Varanasi,Sevapuri,Sundar Nagar,Varanasi Nagar Nigam,Rural Road & Culvert,Link road paving connecting main highway to agrarian hamlet of Sundar Nagar,2790000.0,2790000.0,2578000.0,212000.0,Completed,2023-10-05,2023-11-14,2024-07-04,2023-24,25.24432,82.98667,True
MPLADS-2023-MA-0139,Hemant Godse,Lok Sabha,Nashik (Lok Sabha),Maharashtra,Nashik,Trimbak,Green Park,DRDA Nashik,Rural Road & Culvert,Link road paving connecting main highway to agrarian hamlet of Green Park,3640000.0,1820000.0,728000.0,1092000.0,Stalled,2023-06-05,2023-06-27,,2023-24,19.97204,73.86058,True
MPLADS-2023-UT-0140,Rajnath Singh,Lok Sabha,Lucknow (Lok Sabha),Uttar Pradesh,Lucknow,Malihabad,Vikas Nagar,Lucknow Development Authority,Solar Street Lighting,Erection of high-mast solar illumination tower near market square in Vikas Nagar,780000.0,780000.0,738000.0,42000.0,Completed,2023-04-20,2023-05-07,2023-07-06,2023-24,26.85134,80.86195,True
MPLADS-2023-WE-0141,Jagannath Sarkar,Lok Sabha,Ranaghat (Lok Sabha),West Bengal,Nadia,Santipur,Hanuman Nagar,Public Health Engineering WB,Drinking Water RO Plant,Provision of deep borewell and solar powered community water kiosk in Hanuman Nagar,1590000.0,1590000.0,1528000.0,62000.0,Completed,2023-09-20,2023-10-24,2024-02-08,2023-24,23.5211,88.50845,True
MPLADS-2023-MA-0142,Hemant Godse,Lok Sabha,Nashik (Lok Sabha),Maharashtra,Nashik,Sinnar,Kaveri Nagar,Nashik Municipal Corp,Solar Street Lighting,Erection of high-mast solar illumination tower near market square in Kaveri Nagar,970000.0,728000.0,606000.0,122000.0,In Progress,2023-04-14,2023-06-12,,2023-24,20.0654,73.85608,True
MPLADS-2023-WE-0143,Jagannath Sarkar,Lok Sabha,Ranaghat (Lok Sabha),West Bengal,Nadia,Ranaghat-I,Bhavani Peth,Public Health Engineering WB,Drinking Water RO Plant,Upgradation of pipeline distribution and drinking water storage tank at Bhavani Peth,1270000.0,1270000.0,1238000.0,32000.0,Completed,2023-10-12,2023-12-05,2024-01-23,2023-24,23.48842,88.60463,True
MPLADS-2023-KA-0144,D. K. Suresh,Lok Sabha,Bangalore Rural (Lok Sabha),Karnataka,Bangalore Rural,Nelamangala,Kaveri Nagar,Zilla Panchayat Bangalore Rural,Drinking Water RO Plant,Provision of deep borewell and solar powered community water kiosk in Kaveri Nagar,1320000.0,990000.0,772000.0,218000.0,In Progress,2023-12-13,2024-01-23,,2023-24,13.3492,77.43995,True
MPLADS-2023-KA-0145,D. K. Suresh,Lok Sabha,Bangalore Rural (Lok Sabha),Karnataka,Bangalore Rural,Hosakote,Bhavani Peth,PWD Karnataka,Solar Street Lighting,Erection of high-mast solar illumination tower near market square in Bhavani Peth,650000.0,162000.0,0.0,162000.0,Sanctioned,2023-11-22,2023-12-18,,2023-24,13.30371,77.58721,True
MPLADS-2023-UT-0146,Rajnath Singh,Lok Sabha,Lucknow (Lok Sabha),Uttar Pradesh,Lucknow,Malihabad,Adarsh Nagar,Lucknow Development Authority,Solar Street Lighting,Erection of high-mast solar illumination tower near market square in Adarsh Nagar,600000.0,600000.0,413000.0,187000.0,In Progress,2023-08-26,2023-09-29,,2023-24,26.80279,80.90991,True
MPLADS-2023-UT-0147,Rajnath Singh,Lok Sabha,Lucknow (Lok Sabha),Uttar Pradesh,Lucknow,Bakshi Ka Talab,Subhash Nagar,PWD Lucknow,Solar Street Lighting,Erection of high-mast solar illumination tower near market square in Subhash Nagar,1030000.0,0.0,0.0,0.0,Sanctioned,2023-09-24,2023-11-03,,2023-24,26.79641,80.89523,True
MPLADS-2023-MA-0148,Hemant Godse,Lok Sabha,Nashik (Lok Sabha),Maharashtra,Nashik,Niphad,Surya Nagar,PWD Nashik,School Classroom & Infrastructure,"Construction of two additional smart classrooms in Zilla Parishad School, Surya Nagar",1360000.0,680000.0,0.0,680000.0,Sanctioned,2023-08-17,2023-10-05,,2023-24,19.94269,73.69601,True
MPLADS-2023-WE-0149,Jagannath Sarkar,Lok Sabha,Ranaghat (Lok Sabha),West Bengal,Nadia,Ranaghat-II,Subhash Nagar,WB PWD Nadia,Solar Street Lighting,Installation of 35 LED solar street lights across major junctions in Subhash Nagar,860000.0,860000.0,841000.0,19000.0,Completed,2023-05-22,2023-06-09,2023-07-15,2023-24,23.51449,88.46949,True
MPLADS-2023-WE-0150,Jagannath Sarkar,Lok Sabha,Ranaghat (Lok Sabha),West Bengal,Nadia,Hanskhali,Bhavani Peth,Public Health Engineering WB,School Classroom & Infrastructure,"Installation of rooftop solar panels and clean sanitation facility in Govt High School, Bhavani Peth",1360000.0,1360000.0,1258000.0,102000.0,Completed,2023-09-12,2023-10-15,2024-04-05,2023-24,23.37247,88.57429,True
MPLADS-2023-WE-0151,Jagannath Sarkar,Lok Sabha,Ranaghat (Lok Sabha),West Bengal,Nadia,Ranaghat-II,Devipura,Zilla Parishad Nadia,Community Hall,Development of public cultural center and community shed at Devipura,2500000.0,0.0,0.0,0.0,Sanctioned,2023-08-27,2023-09-22,,2023-24,23.42261,88.58117,True
MPLADS-2023-UT-0152,Rajnath Singh,Lok Sabha,Lucknow (Lok Sabha),Uttar Pradesh,Lucknow,Mohanlalganj,Green Park,PWD Lucknow,Solar Street Lighting,Erection of high-mast solar illumination tower near market square in Green Park,1030000.0,1030000.0,963000.0,67000.0,Completed,2023-12-15,2024-01-07,2024-02-13,2023-24,26.80606,81.00167,True
MPLADS-2023-UT-0153,Narendra Modi,Lok Sabha,Varanasi (Lok Sabha),Uttar Pradesh,Varanasi,Sevapuri,Navi Vasti,Rural Engineering Dept UP,Solar Street Lighting,Comprehensive street lighting and battery energy storage system at Navi Vasti,940000.0,940000.0,452000.0,488000.0,In Progress,2023-10-25,2023-11-20,,2023-24,25.2938,82.87679,True
MPLADS-2023-KA-0154,Prathap Simha,Lok Sabha,Mysore (Lok Sabha),Karnataka,Mysuru,T. Narasipura,Rampur,PWD Mysuru,Rural Road & Culvert,Bituminous road widening and storm-water drainage culvert in Rampur,2440000.0,2440000.0,2386000.0,54000.0,Completed,2023-09-16,2023-10-18,2024-01-18,2023-24,12.23857,76.60569,True
MPLADS-2023-KA-0155,D. K. Suresh,Lok Sabha,Bangalore Rural (Lok Sabha),Karnataka,Bangalore Rural,Devanahalli,Navi Vasti,Zilla Panchayat Bangalore Rural,Drinking Water RO Plant,Provision of deep borewell and solar powered community water kiosk in Navi Vasti,1320000.0,1320000.0,1061000.0,259000.0,In Progress,2023-09-07,2023-11-06,,2023-24,13.24341,77.57251,True
MPLADS-2023-KA-0156,D. K. Suresh,Lok Sabha,Bangalore Rural (Lok Sabha),Karnataka,Bangalore Rural,Nelamangala,Indira Nagar,KRIDL Rural Infra,Primary Health Sub-Center,Civil construction of primary wellness dispensary and staff quarters in Indira Nagar,3430000.0,1715000.0,0.0,1715000.0,Sanctioned,2024-01-07,2024-03-06,,2023-24,13.36508,77.62314,True
MPLADS-2023-KA-0157,D. K. Suresh,Lok Sabha,Bangalore Rural (Lok Sabha),Karnataka,Bangalore Rural,Nelamangala,Nehru Colony,PWD Karnataka,Rural Road & Culvert,Construction of cement concrete (CC) internal village road at Nehru Colony,4280000.0,4280000.0,1760000.0,2520000.0,In Progress,2023-05-02,2023-05-24,,2023-24,13.3014,77.46449,True
MPLADS-2023-WE-0158,Jagannath Sarkar,Lok Sabha,Ranaghat (Lok Sabha),West Bengal,Nadia,Ranaghat-I,Kalyanpur,Public Health Engineering WB,Primary Health Sub-Center,Civil construction of primary wellness dispensary and staff quarters in Kalyanpur,3810000.0,2858000.0,1065000.0,1793000.0,In Progress,2023-11-15,2024-01-01,,2023-24,23.4507,88.57184,True
MPLADS-2023-WE-0159,Jagannath Sarkar,Lok Sabha,Ranaghat (Lok Sabha),West Bengal,Nadia,Santipur,Rampur,Public Health Engineering WB,School Classroom & Infrastructure,Provision of modern science laboratory equipment and student desks at Rampur,2160000.0,2160000.0,2060000.0,100000.0,Completed,2024-01-22,2024-02-19,2024-08-01,2023-24,23.3663,88.67509,True
MPLADS-2023-MA-0160,Hemant Godse,Lok Sabha,Nashik (Lok Sabha),Maharashtra,Nashik,Nashik Rural,Kaveri Nagar,PWD Nashik,Drinking Water RO Plant,Installation of 1000 LPH RO drinking water filtration unit at Kaveri Nagar,1390000.0,1390000.0,1378000.0,12000.0,Completed,2023-11-02,2023-12-28,2024-04-08,2023-24,20.08621,73.88742,True
MPLADS-2023-TA-0161,P. R. Natarajan,Lok Sabha,Coimbatore (Lok Sabha),Tamil Nadu,Coimbatore,Perur,Shivaji Nagar,Tamil Nadu PWD,Sanitation Facility / Public Toilet,"Modern hygiene block with running water and solar lighting near bus stand, Shivaji Nagar",650000.0,650000.0,636000.0,14000.0,Completed,2023-10-19,2023-12-07,2024-02-13,2023-24,11.09716,77.01728,True
MPLADS-2023-UT-0162,Rajnath Singh,Lok Sabha,Lucknow (Lok Sabha),Uttar Pradesh,Lucknow,Mohanlalganj,Gandhi Gram,PWD Lucknow,Sanitation Facility / Public Toilet,Construction of community sanitary complex with bio-toilets for women at Gandhi Gram,760000.0,760000.0,756000.0,4000.0,Completed,2023-06-19,2023-07-26,2023-09-18,2023-24,26.73443,80.98465,True
MPLADS-2023-WE-0163,Jagannath Sarkar,Lok Sabha,Ranaghat (Lok Sabha),West Bengal,Nadia,Ranaghat-II,Khadki,WB PWD Nadia,Community Hall,Renovation and expansion of existing Gram Panchayat auditorium in Khadki,1450000.0,1450000.0,1339000.0,111000.0,Completed,2023-04-25,2023-06-17,2024-02-04,2023-24,23.40724,88.48864,True
MPLADS-2023-MA-0164,Girish Bapat / Successor Rep,Lok Sabha,Pune (Lok Sabha),Maharashtra,Pune,Maval,Gopalganj,DRDA Pune,Sanitation Facility / Public Toilet,Public sanitation facility and septic disposal system in Gopalganj weekly market,1040000.0,1040000.0,1030000.0,10000.0,Completed,2023-09-12,2023-11-02,2024-02-16,2023-24,18.45345,73.80882,True
MPLADS-2023-MA-0165,Nitin Gadkari,Lok Sabha,Nagpur (Lok Sabha),Maharashtra,Nagpur,Ramtek,Devipura,Zilla Parishad Nagpur,Primary Health Sub-Center,Civil construction of primary wellness dispensary and staff quarters in Devipura,3610000.0,1805000.0,722000.0,1083000.0,Stalled,2023-04-25,2023-06-10,,2023-24,21.25178,79.12932,True
MPLADS-2023-WE-0166,Jagannath Sarkar,Lok Sabha,Ranaghat (Lok Sabha),West Bengal,Nadia,Hanskhali,Sundar Nagar,Zilla Parishad Nadia,Rural Road & Culvert,Bituminous road widening and storm-water drainage culvert in Sundar Nagar,2300000.0,2300000.0,2157000.0,143000.0,Completed,2023-11-29,2024-01-17,2024-05-22,2023-24,23.54439,88.65604,True
MPLADS-2023-WE-0167,Jagannath Sarkar,Lok Sabha,Ranaghat (Lok Sabha),West Bengal,Nadia,Hanskhali,Lakshmipuram,Public Health Engineering WB,Drinking Water RO Plant,Provision of deep borewell and solar powered community water kiosk in Lakshmipuram,920000.0,690000.0,528000.0,162000.0,In Progress,2023-09-17,2023-10-15,,2023-24,23.37319,88.6104,True
MPLADS-2023-KA-0168,D. K. Suresh,Lok Sabha,Bangalore Rural (Lok Sabha),Karnataka,Bangalore Rural,Hosakote,Subhash Nagar,Zilla Panchayat Bangalore Rural,Solar Street Lighting,Comprehensive street lighting and battery energy storage system at Subhash Nagar,480000.0,480000.0,335000.0,145000.0,In Progress,2023-07-06,2023-07-25,,2023-24,13.30672,77.54005,True
MPLADS-2023-UT-0169,Rajnath Singh,Lok Sabha,Lucknow (Lok Sabha),Uttar Pradesh,Lucknow,Bakshi Ka Talab,Kalyanpur,Lucknow Development Authority,Primary Health Sub-Center,Upgradation of primary health sub-center with maternity care room at Kalyanpur,4660000.0,4660000.0,1922000.0,2738000.0,In Progress,2023-08-03,2023-09-17,,2023-24,26.94633,80.9587,True
MPLADS-2023-UT-0170,Rajnath Singh,Lok Sabha,Lucknow (Lok Sabha),Uttar Pradesh,Lucknow,Mohanlalganj,Shivaji Nagar,PWD Lucknow,Rural Road & Culvert,Bituminous road widening and storm-water drainage culvert in Shivaji Nagar,2510000.0,2510000.0,2470000.0,40000.0,Completed,2023-12-11,2024-01-27,2024-08-24,2023-24,26.90949,80.90306,True
MPLADS-2023-KA-0171,Prathap Simha,Lok Sabha,Mysore (Lok Sabha),Karnataka,Mysuru,T. Narasipura,Shivpur,Zilla Panchayat Mysuru,Solar Street Lighting,Installation of 35 LED solar street lights across major junctions in Shivpur,930000.0,930000.0,575000.0,355000.0,In Progress,2023-08-12,2023-08-28,,2023-24,12.27602,76.55598,True
MPLADS-2023-UT-0172,Narendra Modi,Lok Sabha,Varanasi (Lok Sabha),Uttar Pradesh,Varanasi,Kashi Vidyapeeth,Gopalganj,M/s Purvanchal InfraTech Services,School Classroom & Infrastructure,"Installation of rooftop solar panels and clean sanitation facility in Govt High School, Gopalganj",1950000.0,1950000.0,1922000.0,28000.0,Completed,2023-09-20,2023-11-17,2024-06-02,2023-24,25.37125,83.0314,True
MPLADS-2023-TA-0173,P. R. Natarajan,Lok Sabha,Coimbatore (Lok Sabha),Tamil Nadu,Coimbatore,Mettupalayam,Sundar Nagar,Tamil Nadu PWD,Primary Health Sub-Center,Civil construction of primary wellness dispensary and staff quarters in Sundar Nagar,3810000.0,3810000.0,3761000.0,49000.0,Completed,2023-05-01,2023-06-19,2023-12-05,2023-24,11.12365,76.99617,True
MPLADS-2023-MA-0174,Hemant Godse,Lok Sabha,Nashik (Lok Sabha),Maharashtra,Nashik,Dindori,Khadki,Zilla Parishad Nashik,Primary Health Sub-Center,Upgradation of primary health sub-center with maternity care room at Khadki,2230000.0,2230000.0,2162000.0,68000.0,Completed,2023-11-20,2024-01-06,2024-11-21,2023-24,20.10164,73.88886,True
MPLADS-2023-TA-0175,P. R. Natarajan,Lok Sabha,Coimbatore (Lok Sabha),Tamil Nadu,Coimbatore,Pollachi,Green Park,DRDA Coimbatore,School Classroom & Infrastructure,"Construction of two additional smart classrooms in Zilla Parishad School, Green Park",1120000.0,560000.0,224000.0,336000.0,Stalled,2023-12-31,2024-02-01,,2023-24,10.90091,77.03096,True
MPLADS-2023-TA-0176,P. R. Natarajan,Lok Sabha,Coimbatore (Lok Sabha),Tamil Nadu,Coimbatore,Pollachi,Lakshmipuram,Tamil Nadu PWD,Drinking Water RO Plant,Installation of 1000 LPH RO drinking water filtration unit at Lakshmipuram,870000.0,652000.0,481000.0,171000.0,In Progress,2023-08-08,2023-09-25,,2023-24,10.91576,77.06603,True
MPLADS-2023-TA-0177,P. R. Natarajan,Lok Sabha,Coimbatore (Lok Sabha),Tamil Nadu,Coimbatore,Sulur,Subhash Nagar,Coimbatore City Corp,Sanitation Facility / Public Toilet,Construction of community sanitary complex with bio-toilets for women at Subhash Nagar,1110000.0,1110000.0,1055000.0,55000.0,Completed,2023-04-17,2023-06-12,2023-09-30,2023-24,11.01104,76.98862,True
MPLADS-2023-KA-0178,D. K. Suresh,Lok Sabha,Bangalore Rural (Lok Sabha),Karnataka,Bangalore Rural,Nelamangala,Shivaji Nagar,Zilla Panchayat Bangalore Rural,Sanitation Facility / Public Toilet,"Modern hygiene block with running water and solar lighting near bus stand, Shivaji Nagar",1030000.0,0.0,0.0,0.0,Sanctioned,2023-12-27,2024-01-17,,2023-24,13.22334,77.63335,True
MPLADS-2023-WE-0179,Jagannath Sarkar,Lok Sabha,Ranaghat (Lok Sabha),West Bengal,Nadia,Santipur,Khadki,WB PWD Nadia,Primary Health Sub-Center,"Supply of medical diagnostics, cold chain storage and OPD shed in Khadki",5170000.0,5170000.0,5108000.0,62000.0,Completed,2023-04-17,2023-06-07,2023-11-08,2023-24,23.58175,88.57739,True
MPLADS-2023-TA-0180,P. R. Natarajan,Lok Sabha,Coimbatore (Lok Sabha),Tamil Nadu,Coimbatore,Mettupalayam,Patel Nagar,Tamil Nadu PWD,Drinking Water RO Plant,Upgradation of pipeline distribution and drinking water storage tank at Patel Nagar,1450000.0,1450000.0,1422000.0,28000.0,Completed,2024-01-02,2024-02-10,2024-04-12,2023-24,11.08652,77.00123,True
MPLADS-2023-MA-0181,Nitin Gadkari,Lok Sabha,Nagpur (Lok Sabha),Maharashtra,Nagpur,Hingna,Chandrapur,Nagpur Improvement Trust,School Classroom & Infrastructure,"Construction of two additional smart classrooms in Zilla Parishad School, Chandrapur",2190000.0,548000.0,0.0,548000.0,Sanctioned,2023-10-21,2023-11-26,,2023-24,21.03291,79.0338,True
MPLADS-2023-TA-0182,Su. Venkatesan,Lok Sabha,Madurai (Lok Sabha),Tamil Nadu,Madurai,Madurai West,Green Park,PWD Water Resources,School Classroom & Infrastructure,Provision of modern science laboratory equipment and student desks at Green Park,1340000.0,1340000.0,1299000.0,41000.0,Completed,2023-10-12,2023-12-03,2024-05-28,2023-24,9.86435,78.01744,True
MPLADS-2023-UT-0183,Narendra Modi,Lok Sabha,Varanasi (Lok Sabha),Uttar Pradesh,Varanasi,Kashi Vidyapeeth,Surya Nagar,PWD Varanasi,School Classroom & Infrastructure,Provision of modern science laboratory equipment and student desks at Surya Nagar,1570000.0,392000.0,0.0,392000.0,Sanctioned,2023-04-03,2023-04-23,,2023-24,25.28398,82.91864,True
MPLADS-2023-KA-0184,D. K. Suresh,Lok Sabha,Bangalore Rural (Lok Sabha),Karnataka,Bangalore Rural,Doddaballapura,Indira Nagar,Zilla Panchayat Bangalore Rural,Solar Street Lighting,Comprehensive street lighting and battery energy storage system at Indira Nagar,780000.0,780000.0,752000.0,28000.0,Completed,2023-04-14,2023-05-05,2023-07-12,2023-24,13.31613,77.50286,True
MPLADS-2023-TA-0185,P. R. Natarajan,Lok Sabha,Coimbatore (Lok Sabha),Tamil Nadu,Coimbatore,Mettupalayam,Gandhi Gram,Coimbatore City Corp,Sanitation Facility / Public Toilet,Construction of community sanitary complex with bio-toilets for women at Gandhi Gram,1170000.0,585000.0,396000.0,189000.0,In Progress,2023-08-03,2023-09-22,,2023-24,10.93748,76.90034,True
MPLADS-2023-UT-0186,Rajnath Singh,Lok Sabha,Lucknow (Lok Sabha),Uttar Pradesh,Lucknow,Malihabad,Devipura,Lucknow Development Authority,School Classroom & Infrastructure,Provision of modern science laboratory equipment and student desks at Devipura,1650000.0,1650000.0,1643000.0,7000.0,Completed,2023-05-10,2023-06-24,2023-12-08,2023-24,26.87671,80.96871,True
MPLADS-2023-KA-0187,Prathap Simha,Lok Sabha,Mysore (Lok Sabha),Karnataka,Mysuru,Hunsur,Navi Vasti,PWD Mysuru,Community Hall,Development of public cultural center and community shed at Navi Vasti,1870000.0,1402000.0,760000.0,642000.0,In Progress,2023-10-12,2023-12-05,,2023-24,12.27915,76.71705,True
MPLADS-2023-WE-0188,Jagannath Sarkar,Lok Sabha,Ranaghat (Lok Sabha),West Bengal,Nadia,Santipur,Vikas Nagar,Zilla Parishad Nadia,Primary Health Sub-Center,Upgradation of primary health sub-center with maternity care room at Vikas Nagar,3780000.0,945000.0,0.0,945000.0,Sanctioned,2023-10-21,2023-11-16,,2023-24,23.52737,88.5884,True
MPLADS-2023-WE-0189,Jagannath Sarkar,Lok Sabha,Ranaghat (Lok Sabha),West Bengal,Nadia,Santipur,Adarsh Nagar,Zilla Parishad Nadia,Sanitation Facility / Public Toilet,"Modern hygiene block with running water and solar lighting near bus stand, Adarsh Nagar",860000.0,860000.0,343000.0,517000.0,In Progress,2023-07-12,2023-09-01,,2023-24,23.53523,88.44296,True
MPLADS-2023-TA-0190,P. R. Natarajan,Lok Sabha,Coimbatore (Lok Sabha),Tamil Nadu,Coimbatore,Annur,Nehru Colony,Coimbatore City Corp,Community Hall,Development of public cultural center and community shed at Nehru Colony,2340000.0,2340000.0,2276000.0,64000.0,Completed,2023-09-03,2023-09-26,2024-05-11,2023-24,11.08618,76.85355,True
MPLADS-2023-WE-0191,Jagannath Sarkar,Lok Sabha,Ranaghat (Lok Sabha),West Bengal,Nadia,Chakdaha,Green Park,Zilla Parishad Nadia,Solar Street Lighting,Comprehensive street lighting and battery energy storage system at Green Park,720000.0,720000.0,451000.0,269000.0,In Progress,2023-10-02,2023-10-19,,2023-24,23.57046,88.46275,True
MPLADS-2023-KA-0192,Prathap Simha,Lok Sabha,Mysore (Lok Sabha),Karnataka,Mysuru,Nanjangud,Vikas Nagar,Mysore Urban Dev Authority,Community Hall,Renovation and expansion of existing Gram Panchayat auditorium in Vikas Nagar,2780000.0,695000.0,0.0,695000.0,Sanctioned,2023-10-22,2023-12-19,,2023-24,12.40757,76.62271,True
MPLADS-2023-MA-0193,Girish Bapat / Successor Rep,Lok Sabha,Pune (Lok Sabha),Maharashtra,Pune,Shirur,Lakshmipuram,Zilla Parishad Pune,Primary Health Sub-Center,Civil construction of primary wellness dispensary and staff quarters in Lakshmipuram,4040000.0,4040000.0,3838000.0,202000.0,Completed,2024-01-20,2024-03-19,2024-12-12,2023-24,18.58576,73.87796,True
MPLADS-2023-WE-0194,Jagannath Sarkar,Lok Sabha,Ranaghat (Lok Sabha),West Bengal,Nadia,Santipur,Bhavani Peth,WB PWD Nadia,Community Hall,Development of public cultural center and community shed at Bhavani Peth,1980000.0,1980000.0,748000.0,1232000.0,In Progress,2023-05-30,2023-06-19,,2023-24,23.42585,88.54578,True
MPLADS-2023-KA-0195,Prathap Simha,Lok Sabha,Mysore (Lok Sabha),Karnataka,Mysuru,T. Narasipura,Chandrapur,Zilla Panchayat Mysuru,School Classroom & Infrastructure,"Installation of rooftop solar panels and clean sanitation facility in Govt High School, Chandrapur",2010000.0,2010000.0,1979000.0,31000.0,Completed,2023-05-05,2023-06-09,2023-09-06,2023-24,12.18122,76.60174,True
MPLADS-2023-MA-0196,Nitin Gadkari,Lok Sabha,Nagpur (Lok Sabha),Maharashtra,Nagpur,Kamptee,Gopalganj,Zilla Parishad Nagpur,Solar Street Lighting,Installation of 35 LED solar street lights across major junctions in Gopalganj,810000.0,810000.0,775000.0,35000.0,Completed,2024-01-12,2024-02-17,2024-05-08,2023-24,21.12301,79.01247,True
MPLADS-2023-TA-0197,Su. Venkatesan,Lok Sabha,Madurai (Lok Sabha),Tamil Nadu,Madurai,Madurai East,Vikas Nagar,District Rural Dev Agency,Drinking Water RO Plant,Provision of deep borewell and solar powered community water kiosk in Vikas Nagar,1230000.0,615000.0,279000.0,336000.0,In Progress,2023-04-03,2023-05-12,,2023-24,9.9741,78.19084,True
MPLADS-2023-WE-0198,Jagannath Sarkar,Lok Sabha,Ranaghat (Lok Sabha),West Bengal,Nadia,Chakdaha,Krishnapuram,WB PWD Nadia,Rural Road & Culvert,Construction of cement concrete (CC) internal village road at Krishnapuram,3040000.0,3040000.0,2952000.0,88000.0,Completed,2023-12-07,2024-01-07,2024-07-14,2023-24,23.49771,88.57738,True
MPLADS-2023-UT-0199,Rajnath Singh,Lok Sabha,Lucknow (Lok Sabha),Uttar Pradesh,Lucknow,Mohanlalganj,Devipura,PWD Lucknow,Sanitation Facility / Public Toilet,Public sanitation facility and septic disposal system in Devipura weekly market,1150000.0,862000.0,314000.0,548000.0,In Progress,2023-05-14,2023-06-17,,2023-24,26.79999,80.87013,True
MPLADS-2023-KA-0200,Prathap Simha,Lok Sabha,Mysore (Lok Sabha),Karnataka,Mysuru,K.R. Nagar,Sundar Nagar,Mysore Urban Dev Authority,Solar Street Lighting,Erection of high-mast solar illumination tower near market square in Sundar Nagar,720000.0,720000.0,585000.0,135000.0,In Progress,2024-01-01,2024-02-16,,2023-24,12.21738,76.55945,True
MPLADS-2023-UT-0201,Narendra Modi,Lok Sabha,Varanasi (Lok Sabha),Uttar Pradesh,Varanasi,Arajiline,Indira Nagar,Rural Engineering Dept UP,Solar Street Lighting,Installation of 35 LED solar street lights across major junctions in Indira Nagar,1010000.0,1010000.0,995000.0,15000.0,Completed,2023-12-05,2023-12-20,2024-02-23,2023-24,25.31891,82.97269,True
MPLADS-2023-TA-0202,Su. Venkatesan,Lok Sabha,Madurai (Lok Sabha),Tamil Nadu,Madurai,Thiruparankundram,Devipura,PWD Water Resources,Community Hall,Renovation and expansion of existing Gram Panchayat auditorium in Devipura,1440000.0,1440000.0,1351000.0,89000.0,Completed,2023-08-28,2023-09-26,2024-04-06,2023-24,9.84557,78.10956,True
MPLADS-2023-TA-0203,P. R. Natarajan,Lok Sabha,Coimbatore (Lok Sabha),Tamil Nadu,Coimbatore,Perur,Adarsh Nagar,Tamil Nadu PWD,Sanitation Facility / Public Toilet,Public sanitation facility and septic disposal system in Adarsh Nagar weekly market,1250000.0,625000.0,449000.0,176000.0,In Progress,2024-01-03,2024-02-10,,2023-24,11.00273,76.88825,True
MPLADS-2023-TA-0204,P. R. Natarajan,Lok Sabha,Coimbatore (Lok Sabha),Tamil Nadu,Coimbatore,Sulur,Shivpur,Coimbatore City Corp,School Classroom & Infrastructure,Provision of modern science laboratory equipment and student desks at Shivpur,1550000.0,0.0,0.0,0.0,Sanctioned,2023-11-11,2023-12-01,,2023-24,11.08295,76.89267,True
MPLADS-2023-WE-0205,Jagannath Sarkar,Lok Sabha,Ranaghat (Lok Sabha),West Bengal,Nadia,Chakdaha,Kaveri Nagar,Public Health Engineering WB,Drinking Water RO Plant,Upgradation of pipeline distribution and drinking water storage tank at Kaveri Nagar,830000.0,830000.0,409000.0,421000.0,In Progress,2023-07-15,2023-08-12,,2023-24,23.41846,88.5658,True
MPLADS-2023-UT-0206,Rajnath Singh,Lok Sabha,Lucknow (Lok Sabha),Uttar Pradesh,Lucknow,Sarojini Nagar,Adarsh Nagar,PWD Lucknow,Sanitation Facility / Public Toilet,Public sanitation facility and septic disposal system in Adarsh Nagar weekly market,1390000.0,1390000.0,1362000.0,28000.0,Completed,2023-05-19,2023-07-16,2023-10-16,2023-24,26.9472,81.0644,True
MPLADS-2023-KA-0207,D. K. Suresh,Lok Sabha,Bangalore Rural (Lok Sabha),Karnataka,Bangalore Rural,Doddaballapura,Nehru Colony,KRIDL Rural Infra,Rural Road & Culvert,Construction of cement concrete (CC) internal village road at Nehru Colony,3860000.0,3860000.0,3730000.0,130000.0,Completed,2023-10-19,2023-12-16,2024-05-22,2023-24,13.32328,77.51504,True
MPLADS-2023-MA-0208,Nitin Gadkari,Lok Sabha,Nagpur (Lok Sabha),Maharashtra,Nagpur,Nagpur Rural,Lakshmipuram,PWD Nagpur,Primary Health Sub-Center,"Supply of medical diagnostics, cold chain storage and OPD shed in Lakshmipuram",4490000.0,1122000.0,0.0,1122000.0,Sanctioned,2023-11-19,2023-12-27,,2023-24,21.16547,79.17674,True
MPLADS-2023-MA-0209,Nitin Gadkari,Lok Sabha,Nagpur (Lok Sabha),Maharashtra,Nagpur,Katol,Subhash Nagar,Zilla Parishad Nagpur,Primary Health Sub-Center,"Supply of medical diagnostics, cold chain storage and OPD shed in Subhash Nagar",5010000.0,5010000.0,4781000.0,229000.0,Completed,2023-10-21,2023-12-09,2024-06-30,2023-24,21.14453,79.04569,True
MPLADS-2023-UT-0210,Rajnath Singh,Lok Sabha,Lucknow (Lok Sabha),Uttar Pradesh,Lucknow,Malihabad,Bhavani Peth,PWD Lucknow,Sanitation Facility / Public Toilet,"Modern hygiene block with running water and solar lighting near bus stand, Bhavani Peth",1310000.0,1310000.0,1287000.0,23000.0,Completed,2023-04-24,2023-05-12,2023-08-18,2023-24,26.73061,81.04926,True
MPLADS-2023-KA-0211,Prathap Simha,Lok Sabha,Mysore (Lok Sabha),Karnataka,Mysuru,K.R. Nagar,Kaveri Nagar,PWD Mysuru,Drinking Water RO Plant,Upgradation of pipeline distribution and drinking water storage tank at Kaveri Nagar,1520000.0,1520000.0,1512000.0,8000.0,Completed,2023-09-02,2023-10-28,2024-01-16,2023-24,12.1982,76.6059,True
MPLADS-2023-MA-0212,Hemant Godse,Lok Sabha,Nashik (Lok Sabha),Maharashtra,Nashik,Dindori,Gandhi Gram,Nashik Municipal Corp,Primary Health Sub-Center,"Supply of medical diagnostics, cold chain storage and OPD shed in Gandhi Gram",4600000.0,4600000.0,1621000.0,2979000.0,In Progress,2023-11-06,2023-12-05,,2023-24,19.92872,73.68851,True
MPLADS-2023-WE-0213,Jagannath Sarkar,Lok Sabha,Ranaghat (Lok Sabha),West Bengal,Nadia,Chakdaha,Indira Nagar,Public Health Engineering WB,Community Hall,Construction of multipurpose community hall in Indira Nagar,2370000.0,1778000.0,603000.0,1175000.0,In Progress,2023-11-03,2023-11-25,,2023-24,23.44294,88.61188,True
MPLADS-2023-MA-0214,Girish Bapat / Successor Rep,Lok Sabha,Pune (Lok Sabha),Maharashtra,Pune,Shirur,Navi Vasti,DRDA Pune,Drinking Water RO Plant,Provision of deep borewell and solar powered community water kiosk in Navi Vasti,1400000.0,1400000.0,1351000.0,49000.0,Completed,2023-06-13,2023-07-06,2023-09-10,2023-24,18.50602,73.91008,True
MPLADS-2023-KA-0215,Prathap Simha,Lok Sabha,Mysore (Lok Sabha),Karnataka,Mysuru,Heggadadevankote,Indira Nagar,Mysore Urban Dev Authority,Sanitation Facility / Public Toilet,Construction of community sanitary complex with bio-toilets for women at Indira Nagar,620000.0,620000.0,435000.0,185000.0,In Progress,2023-06-11,2023-07-02,,2023-24,12.26017,76.62245,True
MPLADS-2023-KA-0216,D. K. Suresh,Lok Sabha,Bangalore Rural (Lok Sabha),Karnataka,Bangalore Rural,Hosakote,Khadki,PWD Karnataka,Drinking Water RO Plant,Upgradation of pipeline distribution and drinking water storage tank at Khadki,1240000.0,1240000.0,390000.0,850000.0,In Progress,2023-08-24,2023-10-16,,2023-24,13.3759,77.6352,True
MPLADS-2023-KA-0217,D. K. Suresh,Lok Sabha,Bangalore Rural (Lok Sabha),Karnataka,Bangalore Rural,Nelamangala,Shivaji Nagar,Zilla Panchayat Bangalore Rural,Community Hall,Construction of multipurpose community hall in Shivaji Nagar,2090000.0,2090000.0,2022000.0,68000.0,Completed,2023-08-02,2023-08-24,2024-05-05,2023-24,13.38589,77.4279,True
MPLADS-2023-UT-0218,Rajnath Singh,Lok Sabha,Lucknow (Lok Sabha),Uttar Pradesh,Lucknow,Malihabad,Patel Nagar,UP State Construction Corp,School Classroom & Infrastructure,Provision of modern science laboratory equipment and student desks at Patel Nagar,1810000.0,0.0,0.0,0.0,Sanctioned,2023-11-28,2023-12-24,,2023-24,26.73071,80.84241,True
MPLADS-2023-UT-0219,Narendra Modi,Lok Sabha,Varanasi (Lok Sabha),Uttar Pradesh,Varanasi,Sevapuri,Gandhi Gram,UP Jal Nigam,Solar Street Lighting,Erection of high-mast solar illumination tower near market square in Gandhi Gram,860000.0,860000.0,819000.0,41000.0,Completed,2023-10-30,2023-12-16,2024-02-24,2023-24,25.32638,83.00175,True
MPLADS-2023-UT-0220,Narendra Modi,Lok Sabha,Varanasi (Lok Sabha),Uttar Pradesh,Varanasi,Pindra,Lakshmipuram,UP Jal Nigam,Drinking Water RO Plant,Installation of 1000 LPH RO drinking water filtration unit at Lakshmipuram,1180000.0,1180000.0,796000.0,384000.0,In Progress,2024-01-26,2024-03-06,,2023-24,25.21347,83.02158,True
MPLADS-2023-KA-0221,D. K. Suresh,Lok Sabha,Bangalore Rural (Lok Sabha),Karnataka,Bangalore Rural,Doddaballapura,Kaveri Nagar,KRIDL Rural Infra,Community Hall,Development of public cultural center and community shed at Kaveri Nagar,2260000.0,2260000.0,1599000.0,661000.0,In Progress,2023-09-06,2023-09-24,,2023-24,13.20127,77.5949,True
MPLADS-2023-MA-0222,Girish Bapat / Successor Rep,Lok Sabha,Pune (Lok Sabha),Maharashtra,Pune,Ambegaon,Lakshmipuram,DRDA Pune,Solar Street Lighting,Comprehensive street lighting and battery energy storage system at Lakshmipuram,620000.0,465000.0,327000.0,138000.0,In Progress,2023-06-04,2023-07-12,,2023-24,18.42873,73.95268,True
MPLADS-2023-UT-0223,Rajnath Singh,Lok Sabha,Lucknow (Lok Sabha),Uttar Pradesh,Lucknow,Sarojini Nagar,Khadki,PWD Lucknow,Rural Road & Culvert,Link road paving connecting main highway to agrarian hamlet of Khadki,4430000.0,4430000.0,4257000.0,173000.0,Completed,2023-05-10,2023-07-04,2023-10-16,2023-24,26.84661,80.96225,True
MPLADS-2023-UT-0224,Narendra Modi,Lok Sabha,Varanasi (Lok Sabha),Uttar Pradesh,Varanasi,Pindra,Patel Nagar,UP Jal Nigam,Primary Health Sub-Center,Civil construction of primary wellness dispensary and staff quarters in Patel Nagar,2580000.0,2580000.0,2552000.0,28000.0,Completed,2023-04-02,2023-05-19,2023-12-17,2023-24,25.20864,82.94125,True
MPLADS-2023-KA-0225,D. K. Suresh,Lok Sabha,Bangalore Rural (Lok Sabha),Karnataka,Bangalore Rural,Devanahalli,Nehru Colony,PWD Karnataka,Primary Health Sub-Center,Civil construction of primary wellness dispensary and staff quarters in Nehru Colony,3580000.0,3580000.0,3500000.0,80000.0,Completed,2023-08-06,2023-09-10,2024-04-16,2023-24,13.37084,77.56217,True
MPLADS-2023-MA-0226,Nitin Gadkari,Lok Sabha,Nagpur (Lok Sabha),Maharashtra,Nagpur,Nagpur Rural,Gopalganj,Nagpur Improvement Trust,Sanitation Facility / Public Toilet,Public sanitation facility and septic disposal system in Gopalganj weekly market,1380000.0,345000.0,0.0,345000.0,Sanctioned,2023-05-06,2023-06-15,,2023-24,21.21145,79.04277,True
MPLADS-2023-MA-0227,Nitin Gadkari,Lok Sabha,Nagpur (Lok Sabha),Maharashtra,Nagpur,Katol,Krishnapuram,Nagpur Improvement Trust,Drinking Water RO Plant,Provision of deep borewell and solar powered community water kiosk in Krishnapuram,1210000.0,1210000.0,1170000.0,40000.0,Completed,2023-08-03,2023-09-06,2023-12-23,2023-24,21.26527,79.15441,True
MPLADS-2023-WE-0228,Jagannath Sarkar,Lok Sabha,Ranaghat (Lok Sabha),West Bengal,Nadia,Ranaghat-II,Kaveri Nagar,WB PWD Nadia,Community Hall,Construction of multipurpose community hall in Kaveri Nagar,2160000.0,0.0,0.0,0.0,Sanctioned,2023-04-05,2023-05-30,,2023-24,23.53314,88.52681,True
MPLADS-2023-UT-0229,Narendra Modi,Lok Sabha,Varanasi (Lok Sabha),Uttar Pradesh,Varanasi,Arajiline,Gopalganj,M/s Purvanchal InfraTech Services,School Classroom & Infrastructure,Provision of modern science laboratory equipment and student desks at Gopalganj,2350000.0,2350000.0,2335000.0,15000.0,Completed,2023-08-22,2023-09-15,2024-03-22,2023-24,25.40052,82.95303,True
MPLADS-2023-UT-0230,Rajnath Singh,Lok Sabha,Lucknow (Lok Sabha),Uttar Pradesh,Lucknow,Bakshi Ka Talab,Chandrapur,PWD Lucknow,Solar Street Lighting,Installation of 35 LED solar street lights across major junctions in Chandrapur,860000.0,430000.0,232000.0,198000.0,In Progress,2023-05-09,2023-06-18,,2023-24,26.95811,80.88303,True
MPLADS-2023-UT-0231,Rajnath Singh,Lok Sabha,Lucknow (Lok Sabha),Uttar Pradesh,Lucknow,Mohanlalganj,Surya Nagar,PWD Lucknow,Rural Road & Culvert,Bituminous road widening and storm-water drainage culvert in Surya Nagar,3020000.0,0.0,0.0,0.0,Sanctioned,2023-05-09,2023-06-07,,2023-24,26.91388,80.96653,True
MPLADS-2023-KA-0232,D. K. Suresh,Lok Sabha,Bangalore Rural (Lok Sabha),Karnataka,Bangalore Rural,Doddaballapura,Indira Nagar,Zilla Panchayat Bangalore Rural,Rural Road & Culvert,Bituminous road widening and storm-water drainage culvert in Indira Nagar,2130000.0,2130000.0,2039000.0,91000.0,Completed,2023-07-16,2023-08-22,2023-12-20,2023-24,13.1943,77.61882,True
MPLADS-2023-UT-0233,Narendra Modi,Lok Sabha,Varanasi (Lok Sabha),Uttar Pradesh,Varanasi,Arajiline,Sundar Nagar,Rural Engineering Dept UP,Community Hall,Renovation and expansion of existing Gram Panchayat auditorium in Sundar Nagar,1750000.0,1750000.0,1705000.0,45000.0,Completed,2023-10-20,2023-11-26,2024-05-30,2023-24,25.39442,82.89563,True
MPLADS-2023-TA-0234,Su. Venkatesan,Lok Sabha,Madurai (Lok Sabha),Tamil Nadu,Madurai,Vadipatti,Green Park,District Rural Dev Agency,Drinking Water RO Plant,Installation of 1000 LPH RO drinking water filtration unit at Green Park,1120000.0,1120000.0,1105000.0,15000.0,Completed,2023-06-02,2023-06-25,2023-09-06,2023-24,9.83657,78.19748,True
MPLADS-2023-UT-0235,Narendra Modi,Lok Sabha,Varanasi (Lok Sabha),Uttar Pradesh,Varanasi,Cholapur,Adarsh Nagar,M/s Purvanchal InfraTech Services,Sanitation Facility / Public Toilet,Construction of community sanitary complex with bio-toilets for women at Adarsh Nagar,570000.0,142000.0,0.0,142000.0,Sanctioned,2023-07-11,2023-07-30,,2023-24,25.39183,82.87597,True
MPLADS-2023-UT-0236,Narendra Modi,Lok Sabha,Varanasi (Lok Sabha),Uttar Pradesh,Varanasi,Sevapuri,Shivpur,Varanasi Nagar Nigam,Drinking Water RO Plant,Upgradation of pipeline distribution and drinking water storage tank at Shivpur,1090000.0,1090000.0,1062000.0,28000.0,Completed,2023-12-11,2024-01-20,2024-03-27,2023-24,25.28255,83.07189,True
